Id,OwnerId,IsDeleted,Name,CreatedDate,CreatedById,LastModifiedDate,LastModifiedById,SystemModstamp,LastActivityDate,LastViewedDate,LastReferencedDate,Account__c,Cosigner_Employer__c,Cosigner_FirstName__c,Cosigner_LastName__c,Cosigner_SSN__c,Customer__c,Downpayment__c,Employer__c,FirstName__c,FolderID__c,Interest__c,LastName__c,Price__c,SSN__c,Status__c,Terms__c,Vehicle__c
a030U000003AXI6QAO,0050U000003lEZMQA2,,I-00095,2020-05-30T05:27:54.000+0000,0050U000003lEZMQA2,2020-05-30T05:27:54.000+0000,0050U000003lEZMQA2,2020-05-30T05:27:54.000+0000,,2020-05-30T05:27:54.000+0000,2020-05-30T05:27:54.000+0000,0010U000012MUq5QAG,,,,,0030U00000qIjs0QAC,3000,E-Bikes,Maryanne,,4.86,Gramc,64400,555551539,Approved,12,a040U000002BaI3QAK
a030U000003AXI7QAO,0050U000003lEZMQA2,,I-00096,2020-05-30T05:27:54.000+0000,0050U000003lEZMQA2,2020-05-30T05:27:54.000+0000,0050U000003lEZMQA2,2020-05-30T05:27:54.000+0000,,2020-05-30T05:27:54.000+0000,2020-05-30T05:27:54.000+0000,0010U000012MUq6QAG,,,,,0030U00000qIjs1QAC,3000,Pure Aloe,Donnie,,5.91,Sause,64600,555556065,Approved,36,a040U000002BaI4QAK
a030U000003AXI8QAO,0050U000003lEZMQA2,,I-00097,2020-05-30T05:27:54.000+0000,0050U000003lEZMQA2,2020-05-30T05:27:54.000+0000,0050U000003lEZMQA2,2020-05-30T05:27:54.000+0000,,2020-05-30T05:27:54.000+0000,2020-05-30T05:27:54.000+0000,0010U000012MUqAQAW,,,,,0030U00000qIjs5QAC,3000,Easy Spaces,Vernice,,3.34,Kreider,39800,555555027,Approved,48,a040U000002BaI8QAK
a030U000003AXI9QAO,0050U000003lEZMQA2,,I-00098,2020-05-30T05:27:54.000+0000,0050U000003lEZMQA2,2020-05-30T05:27:54.000+0000,0050U000003lEZMQA2,2020-05-30T05:27:54.000+0000,,2020-05-30T05:27:54.000+0000,2020-05-30T05:27:54.000+0000,0010U000012MUqGQAW,,,,,0030U00000qIjsBQAS,10000,Northern Trail Outfitters,Brice,,6.65,Brian,48175,555556622,Approved,60,a040U000002BaIEQA0
a030U000003AXIAQA4,0050U000003lEZMQA2,,I-00099,2020-05-30T05:27:54.000+0000,0050U000003lEZMQA2,2020-05-30T05:27:54.000+0000,0050U000003lEZMQA2,2020-05-30T05:27:54.000+0000,,2020-05-30T05:27:54.000+0000,2020-05-30T05:27:54.000+0000,0010U000012MUqHQAW,,,,,0030U00000qIjsCQAS,5000,DreamHouse,Oleta,,3.78,Faucett,60775,555555699,Approved,60,a040U000002BaIFQA0
a030U000003AXIBQA4,0050U000003lEZMQA2,,I-00100,2020-05-30T05:27:54.000+0000,0050U000003lEZMQA2,2020-05-30T05:27:54.000+0000,0050U000003lEZMQA2,2020-05-30T05:27:54.000+0000,,2020-05-30T05:27:54.000+0000,2020-05-30T05:27:54.000+0000,0010U000012MUqIQAW,,,,,0030U00000qIjsDQAS,1000,E-Bikes,Monika,,2.53,Deever,49000,555558173,Pending,36,a040U000002BaIGQA0
a030U000003AXICQA4,0050U000003lEZMQA2,,I-00101,2020-05-30T05:27:54.000+0000,0050U000003lEZMQA2,2020-05-30T05:27:54.000+0000,0050U000003lEZMQA2,2020-05-30T05:27:54.000+0000,,2020-05-30T05:27:54.000+0000,2020-05-30T05:27:54.000+0000,0010U000012MUqJQAW,,,,,0030U00000qIjsEQAS,5000,E-Bikes,Deandra,,6.63,Harrill,56500,555551412,Approved,72,a040U000002BaIHQA0
a030U000003AXIDQA4,0050U000003lEZMQA2,,I-00102,2020-05-30T05:27:54.000+0000,0050U000003lEZMQA2,2020-05-30T05:27:54.000+0000,0050U000003lEZMQA2,2020-05-30T05:27:54.000+0000,,2020-05-30T05:27:54.000+0000,2020-05-30T05:27:54.000+0000,0010U000012MUqMQAW,,,,,0030U00000qIjsHQAS,10000,Pure Aloe,Lavette,,7.52,Branscomb,50275,555557515,Pending,48,a040U000002BaIKQA0
a030U000003AXIEQA4,0050U000003lEZMQA2,,I-00103,2020-05-30T05:27:54.000+0000,0050U000003lEZMQA2,2020-05-30T05:27:54.000+0000,0050U000003lEZMQA2,2020-05-30T05:27:54.000+0000,,2020-05-30T05:27:54.000+0000,2020-05-30T05:27:54.000+0000,0010U000012MUqOQAW,,,,,0030U00000qIjsJQAS,5000,Redwoods Insurance,Lanie,,5.26,Caracciola,41375,555558479,Approved,60,a040U000002BaIMQA0
a030U000003AXIHQA4,0050U000003lEZMQA2,,I-00106,2020-05-30T05:27:54.000+0000,0050U000003lEZMQA2,2020-05-30T05:27:54.000+0000,0050U000003lEZMQA2,2020-05-30T05:27:54.000+0000,,2020-05-30T05:27:54.000+0000,2020-05-30T05:27:54.000+0000,0010U000012MUqVQAW,,,,,0030U00000qIjsQQAS,10000,Easy Spaces,Melaine,,5.94,Mondaine,47000,555554531,Approved,24,a040U000002BaITQA0
a030U000003AXIIQA4,0050U000003lEZMQA2,,I-00107,2020-05-30T05:27:54.000+0000,0050U000003lEZMQA2,2020-05-30T05:27:54.000+0000,0050U000003lEZMQA2,2020-05-30T05:27:54.000+0000,,2020-05-30T05:27:54.000+0000,2020-05-30T05:27:54.000+0000,0010U000012MUqWQAW,,,,,0030U00000qIjsRQAS,5000,Northern Trail Outfitters,Margie,,3.94,Matherne,57600,555558140,Approved,72,a040U000002BaIUQA0
a030U000003AXIJQA4,0050U000003lEZMQA2,,I-00108,2020-05-30T05:27:54.000+0000,0050U000003lEZMQA2,2020-05-30T05:27:54.000+0000,0050U000003lEZMQA2,2020-05-30T05:27:54.000+0000,,2020-05-30T05:27:54.000+0000,2020-05-30T05:27:54.000+0000,0010U000012MUqXQAW,,,,,0030U00000qIjsSQAS,3000,E-Bikes,Clifford,,2.21,Nakayama,65575,555554921,Pending,84,a040U000002BaIVQA0
a030U000003AXIKQA4,0050U000003lEZMQA2,,I-00109,2020-05-30T05:27:54.000+0000,0050U000003lEZMQA2,2020-05-30T05:27:54.000+0000,0050U000003lEZMQA2,2020-05-30T05:27:54.000+0000,,2020-05-30T05:27:54.000+0000,2020-05-30T05:27:54.000+0000,0010U000012MUqZQAW,,,,,0030U00000qIjsUQAS,10000,DreamInvest,Randolph,,4.24,Kulju,35075,555551563,Approved,24,a040U000002BaIXQA0
a030U000003AXILQA4,0050U000003lEZMQA2,,I-00110,2020-05-30T05:27:54.000+0000,0050U000003lEZMQA2,2020-05-30T05:27:54.000+0000,0050U000003lEZMQA2,2020-05-30T05:27:54.000+0000,,2020-05-30T05:27:54.000+0000,2020-05-30T05:27:54.000+0000,0010U000012MUqeQAG,,,,,0030U00000qIjsZQAS,10000,DreamHouse,Angelia,,2.77,Szitar,31300,555558782,Approved,24,a040U000002BaIcQAK
a030U000003AXIMQA4,0050U000003lEZMQA2,,I-00111,2020-05-30T05:27:54.000+0000,0050U000003lEZMQA2,2020-05-30T05:27:54.000+0000,0050U000003lEZMQA2,2020-05-30T05:27:54.000+0000,,2020-05-30T05:27:54.000+0000,2020-05-30T05:27:54.000+0000,0010U000012MUqgQAG,,,,,0030U00000qIjsbQAC,10000,Pure Aloe,Catarina,,3.8,Prem,47000,555556814,Declined,12,a040U000002BaIeQAK
a030U000003AXINQA4,0050U000003lEZMQA2,,I-00112,2020-05-30T05:27:54.000+0000,0050U000003lEZMQA2,2020-05-30T05:27:54.000+0000,0050U000003lEZMQA2,2020-05-30T05:27:54.000+0000,,2020-05-30T05:27:54.000+0000,2020-05-30T05:27:54.000+0000,0010U000012MUqhQAG,,,,,0030U00000qIjscQAC,5000,DreamHouse,Melodie,,7.74,Scibilia,62600,555557177,Approved,60,a040U000002BaIfQAK
a030U000003AXIOQA4,0050U000003lEZMQA2,,I-00113,2020-05-30T05:27:54.000+0000,0050U000003lEZMQA2,2020-05-30T05:27:54.000+0000,0050U000003lEZMQA2,2020-05-30T05:27:54.000+0000,,2020-05-30T05:27:54.000+0000,2020-05-30T05:27:54.000+0000,0010U000012MUqkQAG,,,,,0030U00000qIjsfQAC,5000,Pure Aloe,Willena,,5.71,Primm,39675,555551448,Pending,36,a040U000002BaIiQAK
a030U000003AXIPQA4,0050U000003lEZMQA2,,I-00114,2020-05-30T05:27:54.000+0000,0050U000003lEZMQA2,2020-05-30T05:27:54.000+0000,0050U000003lEZMQA2,2020-05-30T05:27:54.000+0000,,2020-05-30T05:27:54.000+0000,2020-05-30T05:27:54.000+0000,0010U000012MUqlQAG,,,,,0030U00000qIjsgQAC,15000,Redwoods Insurance,Sherley,,5.31,Hoback,33175,555553390,Approved,72,a040U000002BaIjQAK
a030U000003AXIQQA4,0050U000003lEZMQA2,,I-00115,2020-05-30T05:27:54.000+0000,0050U000003lEZMQA2,2020-05-30T05:27:54.000+0000,0050U000003lEZMQA2,2020-05-30T05:27:54.000+0000,,2020-05-30T05:27:54.000+0000,2020-05-30T05:27:54.000+0000,0010U000012MUqnQAG,,,,,0030U00000qIjsiQAC,1000,Easy Spaces,Nathanial,,4.15,Prestley,47375,555558032,Approved,24,a040U000002BaIlQAK
a030U000003AXIRQA4,0050U000003lEZMQA2,,I-00116,2020-05-30T05:27:54.000+0000,0050U000003lEZMQA2,2020-05-30T05:27:54.000+0000,0050U000003lEZMQA2,2020-05-30T05:27:54.000+0000,,2020-05-30T05:27:54.000+0000,2020-05-30T05:27:54.000+0000,0010U000012MUqsQAG,,,,,0030U00000qIjsnQAC,5000,DreamInvest,Jo,,6.59,Jurden,38900,555554306,Pending,72,a040U000002BaIqQAK
a030U000003AXIFQA4,0050U000003lEZMQA2,,I-00104,2020-05-30T05:27:54.000+0000,0050U000003lEZMQA2,2020-05-30T05:27:54.000+0000,0050U000003lEZMQA2,2020-05-30T05:27:54.000+0000,,2020-05-30T05:27:54.000+0000,2020-05-30T05:27:54.000+0000,0010U000012MUqPQAW,,,,,0030U00000qIjsKQAS,3000,DreamInvest,Evelina,,7.68,Millea,65900,555554799,Approved,24,a040U000002BaINQA0
a030U000003AXIGQA4,0050U000003lEZMQA2,,I-00105,2020-05-30T05:27:54.000+0000,0050U000003lEZMQA2,2020-05-30T05:27:54.000+0000,0050U000003lEZMQA2,2020-05-30T05:27:54.000+0000,,2020-05-30T05:27:54.000+0000,2020-05-30T05:27:54.000+0000,0010U000012MUqQQAW,,,,,0030U00000qIjsLQAS,15000,E-Bikes,Nieves,,8.41,Scholtens,37075,555555421,Approved,36,a040U000002BaIOQA0
a030U000003AXJ6QAO,0050U000003lEZMQA2,,I-00157,2020-05-30T05:27:57.000+0000,0050U000003lEZMQA2,2020-05-30T05:27:57.000+0000,0050U000003lEZMQA2,2020-05-30T05:27:57.000+0000,,2020-05-30T05:27:57.000+0000,2020-05-30T05:27:57.000+0000,0010U000012MUsVQAW,,,,,0030U00000qIjuQQAS,5000,Pure Aloe,Chandra,,7.16,Puma,47400,555558258,Approved,12,a040U000002BaKTQA0
a030U000003AXJ7QAO,0050U000003lEZMQA2,,I-00158,2020-05-30T05:27:57.000+0000,0050U000003lEZMQA2,2020-05-30T05:27:57.000+0000,0050U000003lEZMQA2,2020-05-30T05:27:57.000+0000,,2020-05-30T05:27:57.000+0000,2020-05-30T05:27:57.000+0000,0010U000012MUsaQAG,,,,,0030U00000qIjuVQAS,10000,DreamHouse,Craig,,1.43,Tischler,39500,555557206,Approved,84,a040U000002BaKYQA0
a030U000003AXJ8QAO,0050U000003lEZMQA2,,I-00159,2020-05-30T05:27:57.000+0000,0050U000003lEZMQA2,2020-05-30T05:27:57.000+0000,0050U000003lEZMQA2,2020-05-30T05:27:57.000+0000,,2020-05-30T05:27:57.000+0000,2020-05-30T05:27:57.000+0000,0010U000012MUsdQAG,,,,,0030U00000qIjuYQAS,10000,E-Bikes,Tai,,2.54,Dalman,55900,555553007,Approved,84,a040U000002BaKbQAK
a030U000003AXJ9QAO,0050U000003lEZMQA2,,I-00160,2020-05-30T05:27:57.000+0000,0050U000003lEZMQA2,2020-05-30T05:27:57.000+0000,0050U000003lEZMQA2,2020-05-30T05:27:57.000+0000,,2020-05-30T05:27:57.000+0000,2020-05-30T05:27:57.000+0000,0010U000012MUseQAG,,,,,0030U00000qIjuZQAS,5000,DreamHouse,Leonie,,3.99,Kinzel,45000,555551696,Pending,12,a040U000002BaKcQAK
a030U000003AXJAQA4,0050U000003lEZMQA2,,I-00161,2020-05-30T05:27:57.000+0000,0050U000003lEZMQA2,2020-05-30T05:27:57.000+0000,0050U000003lEZMQA2,2020-05-30T05:27:57.000+0000,,2020-05-30T05:27:57.000+0000,2020-05-30T05:27:57.000+0000,0010U000012MUsgQAG,,,,,0030U00000qIjubQAC,15000,Northern Trail Outfitters,Risa,,2.25,Roaf,43300,555555367,Approved,48,a040U000002BaKeQAK
a030U000003AXJBQA4,0050U000003lEZMQA2,,I-00162,2020-05-30T05:27:57.000+0000,0050U000003lEZMQA2,2020-05-30T05:27:57.000+0000,0050U000003lEZMQA2,2020-05-30T05:27:57.000+0000,,2020-05-30T05:27:57.000+0000,2020-05-30T05:27:57.000+0000,0010U000012MUshQAG,,,,,0030U00000qIjucQAC,15000,DreamInvest,Ashley,,7.54,Vansoest,38000,555551980,Approved,12,a040U000002BaKfQAK
a030U000003AXJCQA4,0050U000003lEZMQA2,,I-00163,2020-05-30T05:27:57.000+0000,0050U000003lEZMQA2,2020-05-30T05:27:57.000+0000,0050U000003lEZMQA2,2020-05-30T05:27:57.000+0000,,2020-05-30T05:27:57.000+0000,2020-05-30T05:27:57.000+0000,0010U000012MUsjQAG,,,,,0030U00000qIjueQAC,1000,DreamInvest,Georgette,,3.19,Ronfeldt,55500,555554108,Approved,60,a040U000002BaKhQAK
a030U000003AXJDQA4,0050U000003lEZMQA2,,I-00164,2020-05-30T05:27:57.000+0000,0050U000003lEZMQA2,2020-05-30T05:27:57.000+0000,0050U000003lEZMQA2,2020-05-30T05:27:57.000+0000,,2020-05-30T05:27:57.000+0000,2020-05-30T05:27:57.000+0000,0010U000012MUskQAG,,,,,0030U00000qIjufQAC,3000,E-Bikes,Eusebio,,7.58,Tugwell,53500,555555156,Pending,36,a040U000002BaKiQAK
a030U000003AXJEQA4,0050U000003lEZMQA2,,I-00165,2020-05-30T05:27:57.000+0000,0050U000003lEZMQA2,2020-05-30T05:27:57.000+0000,0050U000003lEZMQA2,2020-05-30T05:27:57.000+0000,,2020-05-30T05:27:57.000+0000,2020-05-30T05:27:57.000+0000,0010U000012MUsmQAG,,,,,0030U00000qIjuhQAC,5000,Northern Trail Outfitters,Qiana,,1.44,Czarnecki,57675,555554588,Approved,48,a040U000002BaKkQAK
a030U000003AXJFQA4,0050U000003lEZMQA2,,I-00166,2020-05-30T05:27:57.000+0000,0050U000003lEZMQA2,2020-05-30T05:27:57.000+0000,0050U000003lEZMQA2,2020-05-30T05:27:57.000+0000,,2020-05-30T05:27:57.000+0000,2020-05-30T05:27:57.000+0000,0010U000012MUsrQAG,,,,,0030U00000qIjumQAC,10000,Northern Trail Outfitters,Laila,,8.9,Guttmann,55775,555557852,Pending,36,a040U000002BaKpQAK
a030U000003AXJGQA4,0050U000003lEZMQA2,,I-00167,2020-05-30T05:27:57.000+0000,0050U000003lEZMQA2,2020-05-30T05:27:57.000+0000,0050U000003lEZMQA2,2020-05-30T05:27:57.000+0000,,2020-05-30T05:27:57.000+0000,2020-05-30T05:27:57.000+0000,0010U000012MUssQAG,,,,,0030U00000qIjunQAC,10000,DreamHouse,Jazmine,,1.66,Maditz,58175,555554408,Pending,12,a040U000002BaKqQAK
a030U000003AXJHQA4,0050U000003lEZMQA2,,I-00168,2020-05-30T05:27:57.000+0000,0050U000003lEZMQA2,2020-05-30T05:27:57.000+0000,0050U000003lEZMQA2,2020-05-30T05:27:57.000+0000,,2020-05-30T05:27:57.000+0000,2020-05-30T05:27:57.000+0000,0010U000012MUsuQAG,,,,,0030U00000qIjupQAC,5000,Redwoods Insurance,Miriam,,5.62,Sherif,49275,555551327,Pending,24,a040U000002BaKsQAK
a030U000003AXJIQA4,0050U000003lEZMQA2,,I-00169,2020-05-30T05:27:57.000+0000,0050U000003lEZMQA2,2020-05-30T05:27:57.000+0000,0050U000003lEZMQA2,2020-05-30T05:27:57.000+0000,,2020-05-30T05:27:57.000+0000,2020-05-30T05:27:57.000+0000,0010U000012MUsxQAG,,,,,0030U00000qIjusQAC,10000,DreamInvest,Jarred,,2.3,Kallal,44675,555557205,Approved,36,a040U000002BaKvQAK
a030U000003AXJJQA4,0050U000003lEZMQA2,,I-00170,2020-05-30T05:27:57.000+0000,0050U000003lEZMQA2,2020-05-30T05:27:57.000+0000,0050U000003lEZMQA2,2020-05-30T05:27:57.000+0000,,2020-05-30T05:27:57.000+0000,2020-05-30T05:27:57.000+0000,0010U000012MUt2QAG,,,,,0030U00000qIjuxQAC,10000,Northern Trail Outfitters,Tara,,5.41,Rochester,40775,555552686,Approved,24,a040U000002BaL0QAK
a030U000003AXJKQA4,0050U000003lEZMQA2,,I-00171,2020-05-30T05:27:57.000+0000,0050U000003lEZMQA2,2020-05-30T05:27:57.000+0000,0050U000003lEZMQA2,2020-05-30T05:27:57.000+0000,,2020-05-30T05:27:57.000+0000,2020-05-30T05:27:57.000+0000,0010U000012MUt4QAG,,,,,0030U00000qIjuzQAC,3000,DreamHouse,Samella,,8.28,Ferrales,57275,555556496,Approved,48,a040U000002BaL2QAK
a030U000003AXJLQA4,0050U000003lEZMQA2,,I-00172,2020-05-30T05:27:57.000+0000,0050U000003lEZMQA2,2020-05-30T05:27:57.000+0000,0050U000003lEZMQA2,2020-05-30T05:27:57.000+0000,,2020-05-30T05:27:57.000+0000,2020-05-30T05:27:57.000+0000,0010U000012MUt6QAG,,,,,0030U00000qIjv1QAC,10000,Northern Trail Outfitters,Kamilah,,2.11,Fougere,58575,555555538,Approved,36,a040U000002BaL4QAK
a030U000003AXJMQA4,0050U000003lEZMQA2,,I-00173,2020-05-30T05:27:57.000+0000,0050U000003lEZMQA2,2020-05-30T05:27:57.000+0000,0050U000003lEZMQA2,2020-05-30T05:27:57.000+0000,,2020-05-30T05:27:57.000+0000,2020-05-30T05:27:57.000+0000,0010U000012MUt7QAG,,,,,0030U00000qIjv2QAC,1000,E-Bikes,Vance,,2.19,Bacco,48500,555555832,Pending,36,a040U000002BaL5QAK
a030U000003AXJNQA4,0050U000003lEZMQA2,,I-00174,2020-05-30T05:27:57.000+0000,0050U000003lEZMQA2,2020-05-30T05:27:57.000+0000,0050U000003lEZMQA2,2020-05-30T05:27:57.000+0000,,2020-05-30T05:27:57.000+0000,2020-05-30T05:27:57.000+0000,0010U000012MUt9QAG,,,,,0030U00000qIjv4QAC,3000,Northern Trail Outfitters,Margery,,1.67,Niemeier,59275,555556133,Pending,24,a040U000002BaL7QAK
a030U000003AXJOQA4,0050U000003lEZMQA2,,I-00175,2020-05-30T05:27:57.000+0000,0050U000003lEZMQA2,2020-05-30T05:27:57.000+0000,0050U000003lEZMQA2,2020-05-30T05:27:57.000+0000,,2020-05-30T05:27:57.000+0000,2020-05-30T05:27:57.000+0000,0010U000012MUtEQAW,,,,,0030U00000qIjv9QAC,15000,DreamInvest,Jaleesa,,5.31,Lessig,42675,555551770,Approved,48,a040U000002BaLCQA0
a030U000003AXJPQA4,0050U000003lEZMQA2,,I-00176,2020-05-30T05:27:57.000+0000,0050U000003lEZMQA2,2020-05-30T05:27:57.000+0000,0050U000003lEZMQA2,2020-05-30T05:27:57.000+0000,,2020-05-30T05:27:57.000+0000,2020-05-30T05:27:57.000+0000,0010U000012MUtGQAW,,,,,0030U00000qIjvBQAS,5000,Redwoods Insurance,Franchesca,,6.22,Cobble,56100,555554488,Approved,12,a040U000002BaLEQA0
a030U000003AXJQQA4,0050U000003lEZMQA2,,I-00177,2020-05-30T05:27:57.000+0000,0050U000003lEZMQA2,2020-05-30T05:27:57.000+0000,0050U000003lEZMQA2,2020-05-30T05:27:57.000+0000,,2020-05-30T05:27:57.000+0000,2020-05-30T05:27:57.000+0000,0010U000012MUtIQAW,,,,,0030U00000qIjvDQAS,5000,E-Bikes,Gilbert,,3.25,Robards,61375,555552293,Approved,24,a040U000002BaLGQA0
a030U000003AXHKQA4,0050U000003lEZMQA2,,I-00047,2020-05-30T05:27:53.000+0000,0050U000003lEZMQA2,2020-05-30T05:27:53.000+0000,0050U000003lEZMQA2,2020-05-30T05:27:53.000+0000,,2020-05-30T05:27:53.000+0000,2020-05-30T05:27:53.000+0000,0010U000012MUoTQAW,,,,,0030U00000qIjqOQAS,3000,DreamHouse,Margarete,,5.66,Peressini,51675,555551705,Approved,84,a040U000002BaGRQA0
a030U000003AXHLQA4,0050U000003lEZMQA2,,I-00048,2020-05-30T05:27:53.000+0000,0050U000003lEZMQA2,2020-05-30T05:27:53.000+0000,0050U000003lEZMQA2,2020-05-30T05:27:53.000+0000,,2020-05-30T05:27:53.000+0000,2020-05-30T05:27:53.000+0000,0010U000012MUoUQAW,,,,,0030U00000qIjqPQAS,1000,Easy Spaces,Rutha,,7.62,Mellick,52375,555556088,Pending,36,a040U000002BaGSQA0
a030U000003AXHMQA4,0050U000003lEZMQA2,,I-00049,2020-05-30T05:27:53.000+0000,0050U000003lEZMQA2,2020-05-30T05:27:53.000+0000,0050U000003lEZMQA2,2020-05-30T05:27:53.000+0000,,2020-05-30T05:27:53.000+0000,2020-05-30T05:27:53.000+0000,0010U000012MUoXQAW,,,,,0030U00000qIjqSQAS,3000,Easy Spaces,Ona,,5.3,Hellmich,39800,555552401,Approved,36,a040U000002BaGVQA0
a030U000003AXHNQA4,0050U000003lEZMQA2,,I-00050,2020-05-30T05:27:53.000+0000,0050U000003lEZMQA2,2020-05-30T05:27:53.000+0000,0050U000003lEZMQA2,2020-05-30T05:27:53.000+0000,,2020-05-30T05:27:53.000+0000,2020-05-30T05:27:53.000+0000,0010U000012MUoZQAW,,,,,0030U00000qIjqUQAS,1000,E-Bikes,Cherelle,,1.83,Cuffman,52500,555555387,Approved,24,a040U000002BaGXQA0
a030U000003AXHOQA4,0050U000003lEZMQA2,,I-00051,2020-05-30T05:27:53.000+0000,0050U000003lEZMQA2,2020-05-30T05:27:53.000+0000,0050U000003lEZMQA2,2020-05-30T05:27:53.000+0000,,2020-05-30T05:27:53.000+0000,2020-05-30T05:27:53.000+0000,0010U000012MUodQAG,,,,,0030U00000qIjqYQAS,3000,Northern Trail Outfitters,Bethanie,,1.69,Cantley,42275,555557779,Approved,60,a040U000002BaGbQAK
a030U000003AXHPQA4,0050U000003lEZMQA2,,I-00052,2020-05-30T05:27:53.000+0000,0050U000003lEZMQA2,2020-05-30T05:27:53.000+0000,0050U000003lEZMQA2,2020-05-30T05:27:53.000+0000,,2020-05-30T05:27:53.000+0000,2020-05-30T05:27:53.000+0000,0010U000012MUoeQAG,,,,,0030U00000qIjqZQAS,10000,Redwoods Insurance,Santo,,7.18,Grasmuck,55000,555559963,Approved,24,a040U000002BaGcQAK
a030U000003AXHQQA4,0050U000003lEZMQA2,,I-00053,2020-05-30T05:27:53.000+0000,0050U000003lEZMQA2,2020-05-30T05:27:53.000+0000,0050U000003lEZMQA2,2020-05-30T05:27:53.000+0000,,2020-05-30T05:27:53.000+0000,2020-05-30T05:27:53.000+0000,0010U000012MUoiQAG,,,,,0030U00000qIjqdQAC,10000,Redwoods Insurance,Ludivina,,3.5,Janosek,32600,555551356,Approved,36,a040U000002BaGgQAK
a030U000003AXHRQA4,0050U000003lEZMQA2,,I-00054,2020-05-30T05:27:53.000+0000,0050U000003lEZMQA2,2020-05-30T05:27:53.000+0000,0050U000003lEZMQA2,2020-05-30T05:27:53.000+0000,,2020-05-30T05:27:53.000+0000,2020-05-30T05:27:53.000+0000,0010U000012MUokQAG,,,,,0030U00000qIjqfQAC,10000,Pure Aloe,Vickie,,4.37,Greenler,39675,555558531,Approved,60,a040U000002BaGiQAK
a030U000003AXHSQA4,0050U000003lEZMQA2,,I-00055,2020-05-30T05:27:53.000+0000,0050U000003lEZMQA2,2020-05-30T05:27:53.000+0000,0050U000003lEZMQA2,2020-05-30T05:27:53.000+0000,,2020-05-30T05:27:53.000+0000,2020-05-30T05:27:53.000+0000,0010U000012MUonQAG,,,,,0030U00000qIjqiQAC,10000,Pure Aloe,Santa,,7.77,Arya,50775,555553797,Declined,48,a040U000002BaGlQAK
a030U000003AXHTQA4,0050U000003lEZMQA2,,I-00056,2020-05-30T05:27:53.000+0000,0050U000003lEZMQA2,2020-05-30T05:27:53.000+0000,0050U000003lEZMQA2,2020-05-30T05:27:53.000+0000,,2020-05-30T05:27:53.000+0000,2020-05-30T05:27:53.000+0000,0010U000012MUorQAG,,,,,0030U00000qIjqmQAC,15000,Northern Trail Outfitters,Ivelisse,,5.35,Archut,41575,555558723,Approved,72,a040U000002BaGpQAK
a030U000003AXHUQA4,0050U000003lEZMQA2,,I-00057,2020-05-30T05:27:53.000+0000,0050U000003lEZMQA2,2020-05-30T05:27:53.000+0000,0050U000003lEZMQA2,2020-05-30T05:27:53.000+0000,,2020-05-30T05:27:53.000+0000,2020-05-30T05:27:53.000+0000,0010U000012MUouQAG,,,,,0030U00000qIjqpQAC,15000,Pure Aloe,Adaline,,3.69,Stenberg,39500,555553851,Approved,60,a040U000002BaGsQAK
a030U000003AXHVQA4,0050U000003lEZMQA2,,I-00058,2020-05-30T05:27:53.000+0000,0050U000003lEZMQA2,2020-05-30T05:27:53.000+0000,0050U000003lEZMQA2,2020-05-30T05:27:53.000+0000,,2020-05-30T05:27:53.000+0000,2020-05-30T05:27:53.000+0000,0010U000012MUovQAG,,,,,0030U00000qIjqqQAC,15000,DreamInvest,Doreen,,8.12,Crotzer,35000,555558733,Approved,48,a040U000002BaGtQAK
a030U000003AXHWQA4,0050U000003lEZMQA2,,I-00059,2020-05-30T05:27:53.000+0000,0050U000003lEZMQA2,2020-05-30T05:27:53.000+0000,0050U000003lEZMQA2,2020-05-30T05:27:53.000+0000,,2020-05-30T05:27:53.000+0000,2020-05-30T05:27:53.000+0000,0010U000012MUp0QAG,,,,,0030U00000qIjqvQAC,15000,Pure Aloe,Cassondra,,5.17,Mutolo,52800,555553869,Approved,36,a040U000002BaGyQAK
a030U000003AXHXQA4,0050U000003lEZMQA2,,I-00060,2020-05-30T05:27:53.000+0000,0050U000003lEZMQA2,2020-05-30T05:27:53.000+0000,0050U000003lEZMQA2,2020-05-30T05:27:53.000+0000,,2020-05-30T05:27:53.000+0000,2020-05-30T05:27:53.000+0000,0010U000012MUp1QAG,,,,,0030U00000qIjqwQAC,10000,DreamHouse,Kate,,2.8,Archer,50000,555559194,Approved,60,a040U000002BaGzQAK
a030U000003AXHYQA4,0050U000003lEZMQA2,,I-00061,2020-05-30T05:27:53.000+0000,0050U000003lEZMQA2,2020-05-30T05:27:53.000+0000,0050U000003lEZMQA2,2020-05-30T05:27:53.000+0000,,2020-05-30T05:27:53.000+0000,2020-05-30T05:27:53.000+0000,0010U000012MUp2QAG,,,,,0030U00000qIjqxQAC,3000,DreamInvest,Kallie,,8.63,Nauss,50900,555551181,Pending,24,a040U000002BaH0QAK
a030U000003AXHZQA4,0050U000003lEZMQA2,,I-00062,2020-05-30T05:27:53.000+0000,0050U000003lEZMQA2,2020-05-30T05:27:53.000+0000,0050U000003lEZMQA2,2020-05-30T05:27:53.000+0000,,2020-05-30T05:27:53.000+0000,2020-05-30T05:27:53.000+0000,0010U000012MUp5QAG,,,,,0030U00000qIjr0QAC,5000,DreamInvest,Annika,,7.57,Belfy,35775,555554393,Approved,72,a040U000002BaH3QAK
a030U000003AXHaQAO,0050U000003lEZMQA2,,I-00063,2020-05-30T05:27:53.000+0000,0050U000003lEZMQA2,2020-05-30T05:27:53.000+0000,0050U000003lEZMQA2,2020-05-30T05:27:53.000+0000,,2020-05-30T05:27:53.000+0000,2020-05-30T05:27:53.000+0000,0010U000012MUp7QAG,,,,,0030U00000qIjr2QAC,3000,Northern Trail Outfitters,Alycia,,5.11,Mccord,43300,555557271,Declined,60,a040U000002BaH5QAK
a030U000003AXHbQAO,0050U000003lEZMQA2,,I-00064,2020-05-30T05:27:53.000+0000,0050U000003lEZMQA2,2020-05-30T05:27:53.000+0000,0050U000003lEZMQA2,2020-05-30T05:27:53.000+0000,,2020-05-30T05:27:53.000+0000,2020-05-30T05:27:53.000+0000,0010U000012MUp8QAG,,,,,0030U00000qIjr3QAC,10000,Easy Spaces,Genevie,,2.58,Schaus,32075,555556560,Approved,60,a040U000002BaH6QAK
a030U000003AXHcQAO,0050U000003lEZMQA2,,I-00065,2020-05-30T05:27:53.000+0000,0050U000003lEZMQA2,2020-05-30T05:27:53.000+0000,0050U000003lEZMQA2,2020-05-30T05:27:53.000+0000,,2020-05-30T05:27:53.000+0000,2020-05-30T05:27:53.000+0000,0010U000012MUpAQAW,,,,,0030U00000qIjr5QAC,1000,E-Bikes,Argentina,,7.38,Lindell,42000,555558945,Pending,24,a040U000002BaH8QAK
a030U000003AXHdQAO,0050U000003lEZMQA2,,I-00066,2020-05-30T05:27:53.000+0000,0050U000003lEZMQA2,2020-05-30T05:27:53.000+0000,0050U000003lEZMQA2,2020-05-30T05:27:53.000+0000,,2020-05-30T05:27:53.000+0000,2020-05-30T05:27:53.000+0000,0010U000012MUpCQAW,,,,,0030U00000qIjr7QAC,5000,DreamInvest,Elin,,7.54,Gue,52800,555553294,Approved,24,a040U000002BaHAQA0
a030U000003AXHeQAO,0050U000003lEZMQA2,,I-00067,2020-05-30T05:27:53.000+0000,0050U000003lEZMQA2,2020-05-30T05:27:53.000+0000,0050U000003lEZMQA2,2020-05-30T05:27:53.000+0000,,2020-05-30T05:27:53.000+0000,2020-05-30T05:27:53.000+0000,0010U000012MUpFQAW,,,,,0030U00000qIjrAQAS,3000,Redwoods Insurance,Cornelia,,8.55,Loar,52400,555559631,Pending,84,a040U000002BaHDQA0
a030U000003AXIjQAO,0050U000003lEZMQA2,,I-00134,2020-05-30T05:27:57.000+0000,0050U000003lEZMQA2,2020-05-30T05:27:57.000+0000,0050U000003lEZMQA2,2020-05-30T05:27:57.000+0000,,2020-05-30T05:27:57.000+0000,2020-05-30T05:27:57.000+0000,0010U000012MUrhQAG,,,,,0030U00000qIjtcQAC,3000,DreamHouse,Margart,,8.77,Zelaya,53175,555558243,Pending,12,a040U000002BaJfQAK
a030U000003AXIkQAO,0050U000003lEZMQA2,,I-00135,2020-05-30T05:27:57.000+0000,0050U000003lEZMQA2,2020-05-30T05:27:57.000+0000,0050U000003lEZMQA2,2020-05-30T05:27:57.000+0000,,2020-05-30T05:27:57.000+0000,2020-05-30T05:27:57.000+0000,0010U000012MUrjQAG,,,,,0030U00000qIjteQAC,10000,E-Bikes,Freeda,,6.83,Isgrigg,41100,555556936,Approved,12,a040U000002BaJhQAK
a030U000003AXIlQAO,0050U000003lEZMQA2,,I-00136,2020-05-30T05:27:57.000+0000,0050U000003lEZMQA2,2020-05-30T05:27:57.000+0000,0050U000003lEZMQA2,2020-05-30T05:27:57.000+0000,,2020-05-30T05:27:57.000+0000,2020-05-30T05:27:57.000+0000,0010U000012MUrkQAG,,,,,0030U00000qIjtfQAC,10000,Easy Spaces,Roxann,,2.39,Granier,48900,555551744,Approved,72,a040U000002BaJiQAK
a030U000003AXImQAO,0050U000003lEZMQA2,,I-00137,2020-05-30T05:27:57.000+0000,0050U000003lEZMQA2,2020-05-30T05:27:57.000+0000,0050U000003lEZMQA2,2020-05-30T05:27:57.000+0000,,2020-05-30T05:27:57.000+0000,2020-05-30T05:27:57.000+0000,0010U000012MUrlQAG,,,,,0030U00000qIjtgQAC,3000,DreamHouse,Azucena,,6.7,Tack,62275,555555443,Approved,24,a040U000002BaJjQAK
a030U000003AXInQAO,0050U000003lEZMQA2,,I-00138,2020-05-30T05:27:57.000+0000,0050U000003lEZMQA2,2020-05-30T05:27:57.000+0000,0050U000003lEZMQA2,2020-05-30T05:27:57.000+0000,,2020-05-30T05:27:57.000+0000,2020-05-30T05:27:57.000+0000,0010U000012MUrsQAG,,,,,0030U00000qIjtnQAC,5000,DreamInvest,Katelynn,,5.88,Birklid,61875,555556579,Approved,72,a040U000002BaJqQAK
a030U000003AXIoQAO,0050U000003lEZMQA2,,I-00139,2020-05-30T05:27:57.000+0000,0050U000003lEZMQA2,2020-05-30T05:27:57.000+0000,0050U000003lEZMQA2,2020-05-30T05:27:57.000+0000,,2020-05-30T05:27:57.000+0000,2020-05-30T05:27:57.000+0000,0010U000012MUruQAG,,,,,0030U00000qIjtpQAC,15000,Easy Spaces,Cindie,,5.73,Birrueta,31875,555559536,Pending,84,a040U000002BaJsQAK
a030U000003AXIpQAO,0050U000003lEZMQA2,,I-00140,2020-05-30T05:27:57.000+0000,0050U000003lEZMQA2,2020-05-30T05:27:57.000+0000,0050U000003lEZMQA2,2020-05-30T05:27:57.000+0000,,2020-05-30T05:27:57.000+0000,2020-05-30T05:27:57.000+0000,0010U000012MUryQAG,,,,,0030U00000qIjttQAC,1000,DreamInvest,Marinda,,1.65,Lisanti,54275,555559553,Pending,84,a040U000002BaJwQAK
a030U000003AXIqQAO,0050U000003lEZMQA2,,I-00141,2020-05-30T05:27:57.000+0000,0050U000003lEZMQA2,2020-05-30T05:27:57.000+0000,0050U000003lEZMQA2,2020-05-30T05:27:57.000+0000,,2020-05-30T05:27:57.000+0000,2020-05-30T05:27:57.000+0000,0010U000012MUs1QAG,,,,,0030U00000qIjtwQAC,3000,Easy Spaces,Abel,,7.92,Gardin,64600,555555903,Approved,60,a040U000002BaJzQAK
a030U000003AXIrQAO,0050U000003lEZMQA2,,I-00142,2020-05-30T05:27:57.000+0000,0050U000003lEZMQA2,2020-05-30T05:27:57.000+0000,0050U000003lEZMQA2,2020-05-30T05:27:57.000+0000,,2020-05-30T05:27:57.000+0000,2020-05-30T05:27:57.000+0000,0010U000012MUs2QAG,,,,,0030U00000qIjtxQAC,10000,Pure Aloe,Lidia,,4.54,Affeld,39875,555557163,Pending,36,a040U000002BaK0QAK
a030U000003AXIsQAO,0050U000003lEZMQA2,,I-00143,2020-05-30T05:27:57.000+0000,0050U000003lEZMQA2,2020-05-30T05:27:57.000+0000,0050U000003lEZMQA2,2020-05-30T05:27:57.000+0000,,2020-05-30T05:27:57.000+0000,2020-05-30T05:27:57.000+0000,0010U000012MUs3QAG,,,,,0030U00000qIjtyQAC,5000,DreamHouse,Moriah,,7.83,Condron,58500,555559665,Approved,60,a040U000002BaK1QAK
a030U000003AXItQAO,0050U000003lEZMQA2,,I-00144,2020-05-30T05:27:57.000+0000,0050U000003lEZMQA2,2020-05-30T05:27:57.000+0000,0050U000003lEZMQA2,2020-05-30T05:27:57.000+0000,,2020-05-30T05:27:57.000+0000,2020-05-30T05:27:57.000+0000,0010U000012MUs5QAG,,,,,0030U00000qIju0QAC,10000,Pure Aloe,Nona,,5.34,Mcquiggan,38175,555554209,Pending,48,a040U000002BaK3QAK
a030U000003AXIuQAO,0050U000003lEZMQA2,,I-00145,2020-05-30T05:27:57.000+0000,0050U000003lEZMQA2,2020-05-30T05:27:57.000+0000,0050U000003lEZMQA2,2020-05-30T05:27:57.000+0000,,2020-05-30T05:27:57.000+0000,2020-05-30T05:27:57.000+0000,0010U000012MUs7QAG,,,,,0030U00000qIju2QAC,1000,Northern Trail Outfitters,Lisette,,5.95,Matrisciano,48100,555551534,Approved,60,a040U000002BaK5QAK
a030U000003AXIvQAO,0050U000003lEZMQA2,,I-00146,2020-05-30T05:27:57.000+0000,0050U000003lEZMQA2,2020-05-30T05:27:57.000+0000,0050U000003lEZMQA2,2020-05-30T05:27:57.000+0000,,2020-05-30T05:27:57.000+0000,2020-05-30T05:27:57.000+0000,0010U000012MUs8QAG,,,,,0030U00000qIju3QAC,10000,DreamHouse,Gricelda,,3.76,Gottschalk,57075,555555483,Approved,72,a040U000002BaK6QAK
a030U000003AXIwQAO,0050U000003lEZMQA2,,I-00147,2020-05-30T05:27:57.000+0000,0050U000003lEZMQA2,2020-05-30T05:27:57.000+0000,0050U000003lEZMQA2,2020-05-30T05:27:57.000+0000,,2020-05-30T05:27:57.000+0000,2020-05-30T05:27:57.000+0000,0010U000012MUsDQAW,,,,,0030U00000qIju8QAC,15000,E-Bikes,Florencio,,5.74,Vincik,35400,555556362,Approved,12,a040U000002BaKBQA0
a030U000003AXIxQAO,0050U000003lEZMQA2,,I-00148,2020-05-30T05:27:57.000+0000,0050U000003lEZMQA2,2020-05-30T05:27:57.000+0000,0050U000003lEZMQA2,2020-05-30T05:27:57.000+0000,,2020-05-30T05:27:57.000+0000,2020-05-30T05:27:57.000+0000,0010U000012MUsEQAW,,,,,0030U00000qIju9QAC,1000,Northern Trail Outfitters,Ola,,6.54,Nghiem,43300,555555209,Approved,60,a040U000002BaKCQA0
a030U000003AXIyQAO,0050U000003lEZMQA2,,I-00149,2020-05-30T05:27:57.000+0000,0050U000003lEZMQA2,2020-05-30T05:27:57.000+0000,0050U000003lEZMQA2,2020-05-30T05:27:57.000+0000,,2020-05-30T05:27:57.000+0000,2020-05-30T05:27:57.000+0000,0010U000012MUsGQAW,,,,,0030U00000qIjuBQAS,5000,DreamInvest,Vennie,,2.98,Aveni,41900,555552382,Approved,12,a040U000002BaKEQA0
a030U000003AXIzQAO,0050U000003lEZMQA2,,I-00150,2020-05-30T05:27:57.000+0000,0050U000003lEZMQA2,2020-05-30T05:27:57.000+0000,0050U000003lEZMQA2,2020-05-30T05:27:57.000+0000,,2020-05-30T05:27:57.000+0000,2020-05-30T05:27:57.000+0000,0010U000012MUsHQAW,,,,,0030U00000qIjuCQAS,5000,DreamHouse,Bo,,3.41,Pepin,33575,555552788,Approved,36,a040U000002BaKFQA0
a030U000003AXJ0QAO,0050U000003lEZMQA2,,I-00151,2020-05-30T05:27:57.000+0000,0050U000003lEZMQA2,2020-05-30T05:27:57.000+0000,0050U000003lEZMQA2,2020-05-30T05:27:57.000+0000,,2020-05-30T05:27:57.000+0000,2020-05-30T05:27:57.000+0000,0010U000012MUsJQAW,,,,,0030U00000qIjuEQAS,1000,DreamInvest,Rod,,7.91,Funkhouser,52000,555554239,Approved,72,a040U000002BaKHQA0
a030U000003AXJ1QAO,0050U000003lEZMQA2,,I-00152,2020-05-30T05:27:57.000+0000,0050U000003lEZMQA2,2020-05-30T05:27:57.000+0000,0050U000003lEZMQA2,2020-05-30T05:27:57.000+0000,,2020-05-30T05:27:57.000+0000,2020-05-30T05:27:57.000+0000,0010U000012MUsKQAW,,,,,0030U00000qIjuFQAS,5000,DreamHouse,Eddie,,4.37,Saltern,43375,555556069,Approved,36,a040U000002BaKIQA0
a030U000003AXJ2QAO,0050U000003lEZMQA2,,I-00153,2020-05-30T05:27:57.000+0000,0050U000003lEZMQA2,2020-05-30T05:27:57.000+0000,0050U000003lEZMQA2,2020-05-30T05:27:57.000+0000,,2020-05-30T05:27:57.000+0000,2020-05-30T05:27:57.000+0000,0010U000012MUsLQAW,,,,,0030U00000qIjuGQAS,1000,DreamHouse,Tatiana,,4.59,Thrush,51600,555554256,Approved,72,a040U000002BaKJQA0
a030U000003AXJ3QAO,0050U000003lEZMQA2,,I-00154,2020-05-30T05:27:57.000+0000,0050U000003lEZMQA2,2020-05-30T05:27:57.000+0000,0050U000003lEZMQA2,2020-05-30T05:27:57.000+0000,,2020-05-30T05:27:57.000+0000,2020-05-30T05:27:57.000+0000,0010U000012MUsOQAW,,,,,0030U00000qIjuJQAS,10000,DreamInvest,Lesia,,1.31,Boyter,45775,555555956,Pending,72,a040U000002BaKMQA0
a030U000003AXJ4QAO,0050U000003lEZMQA2,,I-00155,2020-05-30T05:27:57.000+0000,0050U000003lEZMQA2,2020-05-30T05:27:57.000+0000,0050U000003lEZMQA2,2020-05-30T05:27:57.000+0000,,2020-05-30T05:27:57.000+0000,2020-05-30T05:27:57.000+0000,0010U000012MUsSQAW,,,,,0030U00000qIjuNQAS,3000,DreamInvest,Caitlin,,3.48,Schonert,54675,555555794,Pending,60,a040U000002BaKQQA0
a030U000003AXJ5QAO,0050U000003lEZMQA2,,I-00156,2020-05-30T05:27:57.000+0000,0050U000003lEZMQA2,2020-05-30T05:27:57.000+0000,0050U000003lEZMQA2,2020-05-30T05:27:57.000+0000,,2020-05-30T05:27:57.000+0000,2020-05-30T05:27:57.000+0000,0010U000012MUsUQAW,,,,,0030U00000qIjuPQAS,5000,Pure Aloe,Robyn,,5.19,Fondy,46500,555555584,Approved,60,a040U000002BaKSQA0
a030U000003AXHfQAO,0050U000003lEZMQA2,,I-00068,2020-05-30T05:27:53.000+0000,0050U000003lEZMQA2,2020-05-30T05:27:53.000+0000,0050U000003lEZMQA2,2020-05-30T05:27:53.000+0000,,2020-05-30T05:27:53.000+0000,2020-05-30T05:27:53.000+0000,0010U000012MUpHQAW,,,,,0030U00000qIjrCQAS,10000,Northern Trail Outfitters,Roni,,1.58,Langevin,56875,555552953,Approved,48,a040U000002BaHFQA0
a030U000003AXHgQAO,0050U000003lEZMQA2,,I-00069,2020-05-30T05:27:53.000+0000,0050U000003lEZMQA2,2020-05-30T05:27:53.000+0000,0050U000003lEZMQA2,2020-05-30T05:27:53.000+0000,,2020-05-30T05:27:53.000+0000,2020-05-30T05:27:53.000+0000,0010U000012MUpLQAW,,,,,0030U00000qIjrGQAS,3000,DreamInvest,Treva,,7.92,Lundahl,55775,555559311,Approved,84,a040U000002BaHJQA0
a030U000003AXHhQAO,0050U000003lEZMQA2,,I-00070,2020-05-30T05:27:53.000+0000,0050U000003lEZMQA2,2020-05-30T05:27:53.000+0000,0050U000003lEZMQA2,2020-05-30T05:27:53.000+0000,,2020-05-30T05:27:53.000+0000,2020-05-30T05:27:53.000+0000,0010U000012MUpMQAW,,,,,0030U00000qIjrHQAS,10000,Pure Aloe,Kelsi,,7.63,Burres,31900,555556489,Approved,48,a040U000002BaHKQA0
a030U000003AXHiQAO,0050U000003lEZMQA2,,I-00071,2020-05-30T05:27:53.000+0000,0050U000003lEZMQA2,2020-05-30T05:27:53.000+0000,0050U000003lEZMQA2,2020-05-30T05:27:53.000+0000,,2020-05-30T05:27:53.000+0000,2020-05-30T05:27:53.000+0000,0010U000012MUpNQAW,,,,,0030U00000qIjrIQAS,15000,E-Bikes,Ezra,,3.3,Garsjo,33100,555552472,Pending,72,a040U000002BaHLQA0
a030U000003AXHjQAO,0050U000003lEZMQA2,,I-00072,2020-05-30T05:27:53.000+0000,0050U000003lEZMQA2,2020-05-30T05:27:53.000+0000,0050U000003lEZMQA2,2020-05-30T05:27:53.000+0000,,2020-05-30T05:27:53.000+0000,2020-05-30T05:27:53.000+0000,0010U000012MUpOQAW,,,,,0030U00000qIjrJQAS,15000,DreamHouse,Willie,,7.97,Luzinski,32275,555552222,Approved,60,a040U000002BaHMQA0
a030U000003AXHkQAO,0050U000003lEZMQA2,,I-00073,2020-05-30T05:27:53.000+0000,0050U000003lEZMQA2,2020-05-30T05:27:53.000+0000,0050U000003lEZMQA2,2020-05-30T05:27:53.000+0000,,2020-05-30T05:27:53.000+0000,2020-05-30T05:27:53.000+0000,0010U000012MUpPQAW,,,,,0030U00000qIjrKQAS,5000,Pure Aloe,Elke,,2.54,Schnepel,43375,555551697,Approved,24,a040U000002BaHNQA0
a030U000003AXHoQAO,0050U000003lEZMQA2,,I-00077,2020-05-30T05:27:53.000+0000,0050U000003lEZMQA2,2020-05-30T05:27:53.000+0000,0050U000003lEZMQA2,2020-05-30T05:27:53.000+0000,,2020-05-30T05:27:53.000+0000,2020-05-30T05:27:53.000+0000,0010U000012MUpaQAG,,,,,0030U00000qIjrVQAS,5000,E-Bikes,Cris,,5.82,Zapalac,53775,555558764,Approved,60,a040U000002BaHYQA0
a030U000003AXHpQAO,0050U000003lEZMQA2,,I-00078,2020-05-30T05:27:53.000+0000,0050U000003lEZMQA2,2020-05-30T05:27:53.000+0000,0050U000003lEZMQA2,2020-05-30T05:27:53.000+0000,,2020-05-30T05:27:53.000+0000,2020-05-30T05:27:53.000+0000,0010U000012MUpdQAG,,,,,0030U00000qIjrYQAS,3000,Pure Aloe,Christinia,,7.92,Drinkwine,38900,555558988,Approved,48,a040U000002BaHbQAK
a030U000003AXHqQAO,0050U000003lEZMQA2,,I-00079,2020-05-30T05:27:53.000+0000,0050U000003lEZMQA2,2020-05-30T05:27:53.000+0000,0050U000003lEZMQA2,2020-05-30T05:27:53.000+0000,,2020-05-30T05:27:53.000+0000,2020-05-30T05:27:53.000+0000,0010U000012MUpeQAG,,,,,0030U00000qIjrZQAS,3000,Northern Trail Outfitters,Carly,,6.61,Decenzo,47775,555558860,Approved,72,a040U000002BaHcQAK
a030U000003AXHrQAO,0050U000003lEZMQA2,,I-00080,2020-05-30T05:27:53.000+0000,0050U000003lEZMQA2,2020-05-30T05:27:53.000+0000,0050U000003lEZMQA2,2020-05-30T05:27:53.000+0000,,2020-05-30T05:27:53.000+0000,2020-05-30T05:27:53.000+0000,0010U000012MUpfQAG,,,,,0030U00000qIjraQAC,15000,Redwoods Insurance,Latosha,,1.44,Shirilla,51575,555552447,Declined,72,a040U000002BaHdQAK
a030U000003AXHsQAO,0050U000003lEZMQA2,,I-00081,2020-05-30T05:27:53.000+0000,0050U000003lEZMQA2,2020-05-30T05:27:53.000+0000,0050U000003lEZMQA2,2020-05-30T05:27:53.000+0000,,2020-05-30T05:27:53.000+0000,2020-05-30T05:27:53.000+0000,0010U000012MUpgQAG,,,,,0030U00000qIjrbQAC,1000,Pure Aloe,Lavelle,,7,Mcalister,59775,555559809,Approved,60,a040U000002BaHeQAK
a030U000003AXHtQAO,0050U000003lEZMQA2,,I-00082,2020-05-30T05:27:53.000+0000,0050U000003lEZMQA2,2020-05-30T05:27:53.000+0000,0050U000003lEZMQA2,2020-05-30T05:27:53.000+0000,,2020-05-30T05:27:53.000+0000,2020-05-30T05:27:53.000+0000,0010U000012MUphQAG,,,,,0030U00000qIjrcQAC,5000,Redwoods Insurance,Shavon,,2.53,Sencabaugh,37075,555556253,Approved,60,a040U000002BaHfQAK
a030U000003AXHuQAO,0050U000003lEZMQA2,,I-00083,2020-05-30T05:27:53.000+0000,0050U000003lEZMQA2,2020-05-30T05:27:53.000+0000,0050U000003lEZMQA2,2020-05-30T05:27:53.000+0000,,2020-05-30T05:27:53.000+0000,2020-05-30T05:27:53.000+0000,0010U000012MUpiQAG,,,,,0030U00000qIjrdQAC,5000,E-Bikes,Albertina,,7.22,Alexanian,40075,555558319,Approved,84,a040U000002BaHgQAK
a030U000003AXHvQAO,0050U000003lEZMQA2,,I-00084,2020-05-30T05:27:53.000+0000,0050U000003lEZMQA2,2020-05-30T05:27:53.000+0000,0050U000003lEZMQA2,2020-05-30T05:27:53.000+0000,,2020-05-30T05:27:53.000+0000,2020-05-30T05:27:53.000+0000,0010U000012MUpnQAG,,,,,0030U00000qIjriQAC,5000,Pure Aloe,Eleonor,,4.1,Karpen,46100,555556657,Approved,12,a040U000002BaHlQAK
a030U000003AXHwQAO,0050U000003lEZMQA2,,I-00085,2020-05-30T05:27:53.000+0000,0050U000003lEZMQA2,2020-05-30T05:27:53.000+0000,0050U000003lEZMQA2,2020-05-30T05:27:53.000+0000,,2020-05-30T05:27:53.000+0000,2020-05-30T05:27:53.000+0000,0010U000012MUpoQAG,,,,,0030U00000qIjrjQAC,15000,E-Bikes,Laci,,5.24,Mcgalliard,42800,555551989,Approved,24,a040U000002BaHmQAK
a030U000003AXHxQAO,0050U000003lEZMQA2,,I-00086,2020-05-30T05:27:53.000+0000,0050U000003lEZMQA2,2020-05-30T05:27:53.000+0000,0050U000003lEZMQA2,2020-05-30T05:27:53.000+0000,,2020-05-30T05:27:53.000+0000,2020-05-30T05:27:53.000+0000,0010U000012MUppQAG,,,,,0030U00000qIjrkQAC,5000,E-Bikes,Debra,,2.3,Elhaj,56300,555552427,Declined,12,a040U000002BaHnQAK
a030U000003AXHyQAO,0050U000003lEZMQA2,,I-00087,2020-05-30T05:27:53.000+0000,0050U000003lEZMQA2,2020-05-30T05:27:53.000+0000,0050U000003lEZMQA2,2020-05-30T05:27:53.000+0000,,2020-05-30T05:27:53.000+0000,2020-05-30T05:27:53.000+0000,0010U000012MUprQAG,,,,,0030U00000qIjrmQAC,10000,Easy Spaces,Alix,,7.19,Mankoski,42000,555559651,Pending,48,a040U000002BaHpQAK
a030U000003AXHzQAO,0050U000003lEZMQA2,,I-00088,2020-05-30T05:27:53.000+0000,0050U000003lEZMQA2,2020-05-30T05:27:53.000+0000,0050U000003lEZMQA2,2020-05-30T05:27:53.000+0000,,2020-05-30T05:27:53.000+0000,2020-05-30T05:27:53.000+0000,0010U000012MUpsQAG,,,,,0030U00000qIjrnQAC,5000,E-Bikes,Katie,,7.78,Goldizen,40275,555558281,Approved,24,a040U000002BaHqQAK
a030U000003AXI0QAO,0050U000003lEZMQA2,,I-00089,2020-05-30T05:27:53.000+0000,0050U000003lEZMQA2,2020-05-30T05:27:53.000+0000,0050U000003lEZMQA2,2020-05-30T05:27:53.000+0000,,2020-05-30T05:27:53.000+0000,2020-05-30T05:27:53.000+0000,0010U000012MUptQAG,,,,,0030U00000qIjroQAC,10000,Redwoods Insurance,Wan,,6.6,Breitkreutz,49675,555553655,Approved,48,a040U000002BaHrQAK
a030U000003AXI1QAO,0050U000003lEZMQA2,,I-00090,2020-05-30T05:27:53.000+0000,0050U000003lEZMQA2,2020-05-30T05:27:53.000+0000,0050U000003lEZMQA2,2020-05-30T05:27:53.000+0000,,2020-05-30T05:27:53.000+0000,2020-05-30T05:27:53.000+0000,0010U000012MUpuQAG,,,,,0030U00000qIjrpQAC,10000,DreamInvest,Tony,,1.94,Krofft,56875,555558414,Approved,24,a040U000002BaHsQAK
a030U000003AXI2QAO,0050U000003lEZMQA2,,I-00091,2020-05-30T05:27:53.000+0000,0050U000003lEZMQA2,2020-05-30T05:27:53.000+0000,0050U000003lEZMQA2,2020-05-30T05:27:53.000+0000,,2020-05-30T05:27:53.000+0000,2020-05-30T05:27:53.000+0000,0010U000012MUpyQAG,,,,,0030U00000qIjrtQAC,3000,Easy Spaces,Moises,,2.16,Viall,55575,555556388,Approved,72,a040U000002BaHwQAK
a030U000003AXI3QAO,0050U000003lEZMQA2,,I-00092,2020-05-30T05:27:53.000+0000,0050U000003lEZMQA2,2020-05-30T05:27:53.000+0000,0050U000003lEZMQA2,2020-05-30T05:27:53.000+0000,,2020-05-30T05:27:53.000+0000,2020-05-30T05:27:53.000+0000,0010U000012MUpzQAG,,,,,0030U00000qIjruQAC,1000,E-Bikes,Georgiana,,5.7,Toledo,66800,555553622,Approved,48,a040U000002BaHxQAK
a030U000003AXI4QAO,0050U000003lEZMQA2,,I-00093,2020-05-30T05:27:53.000+0000,0050U000003lEZMQA2,2020-05-30T05:27:53.000+0000,0050U000003lEZMQA2,2020-05-30T05:27:53.000+0000,,2020-05-30T05:27:53.000+0000,2020-05-30T05:27:53.000+0000,0010U000012MUq0QAG,,,,,0030U00000qIjrvQAC,5000,Pure Aloe,Martina,,4.7,Backmon,48575,555556050,Approved,36,a040U000002BaHyQAK
a030U000003AXI5QAO,0050U000003lEZMQA2,,I-00094,2020-05-30T05:27:53.000+0000,0050U000003lEZMQA2,2020-05-30T05:27:53.000+0000,0050U000003lEZMQA2,2020-05-30T05:27:53.000+0000,,2020-05-30T05:27:53.000+0000,2020-05-30T05:27:53.000+0000,0010U000012MUq1QAG,,,,,0030U00000qIjrwQAC,1000,Easy Spaces,Lorine,,1.7,Lewandoski,53500,555557616,Pending,84,a040U000002BaHzQAK
a030U000003AXHlQAO,0050U000003lEZMQA2,,I-00074,2020-05-30T05:27:53.000+0000,0050U000003lEZMQA2,2020-05-30T05:27:53.000+0000,0050U000003lEZMQA2,2020-05-30T05:27:53.000+0000,,2020-05-30T05:27:53.000+0000,2020-05-30T05:27:53.000+0000,0010U000012MUpTQAW,,,,,0030U00000qIjrOQAS,5000,Redwoods Insurance,Kalyn,,7.22,Stanier,45000,555559083,Approved,60,a040U000002BaHRQA0
a030U000003AXHmQAO,0050U000003lEZMQA2,,I-00075,2020-05-30T05:27:53.000+0000,0050U000003lEZMQA2,2020-05-30T05:27:53.000+0000,0050U000003lEZMQA2,2020-05-30T05:27:53.000+0000,,2020-05-30T05:27:53.000+0000,2020-05-30T05:27:53.000+0000,0010U000012MUpWQAW,,,,,0030U00000qIjrRQAS,10000,Easy Spaces,Shanika,,8.39,Felice,41175,555559544,Approved,48,a040U000002BaHUQA0
a030U000003AXHnQAO,0050U000003lEZMQA2,,I-00076,2020-05-30T05:27:53.000+0000,0050U000003lEZMQA2,2020-05-30T05:27:53.000+0000,0050U000003lEZMQA2,2020-05-30T05:27:53.000+0000,,2020-05-30T05:27:53.000+0000,2020-05-30T05:27:53.000+0000,0010U000012MUpYQAW,,,,,0030U00000qIjrTQAS,5000,DreamInvest,Esmeralda,,5.7,Hofland,55000,555552047,Approved,36,a040U000002BaHWQA0
a030U000003AXJRQA4,0050U000003lEZMQA2,,I-00178,2020-05-30T05:27:59.000+0000,0050U000003lEZMQA2,2020-05-30T05:27:59.000+0000,0050U000003lEZMQA2,2020-05-30T05:27:59.000+0000,,2020-05-30T05:27:59.000+0000,2020-05-30T05:27:59.000+0000,0010U000012MUtJQAW,,,,,0030U00000qIjvEQAS,10000,E-Bikes,Joni,,6.66,Moreira,58775,555552563,Approved,24,a040U000002BaLHQA0
a030U000003AXJSQA4,0050U000003lEZMQA2,,I-00179,2020-05-30T05:27:59.000+0000,0050U000003lEZMQA2,2020-05-30T05:27:59.000+0000,0050U000003lEZMQA2,2020-05-30T05:27:59.000+0000,,2020-05-30T05:27:59.000+0000,2020-05-30T05:27:59.000+0000,0010U000012MUtMQAW,,,,,0030U00000qIjvHQAS,10000,Pure Aloe,Rachele,,7.55,Lafountaine,38775,555551282,Approved,24,a040U000002BaLKQA0
a030U000003AXJTQA4,0050U000003lEZMQA2,,I-00180,2020-05-30T05:27:59.000+0000,0050U000003lEZMQA2,2020-05-30T05:27:59.000+0000,0050U000003lEZMQA2,2020-05-30T05:27:59.000+0000,,2020-05-30T05:27:59.000+0000,2020-05-30T05:27:59.000+0000,0010U000012MUtNQAW,,,,,0030U00000qIjvIQAS,15000,E-Bikes,Cyrstal,,7.82,Moriarty,45775,555554621,Approved,24,a040U000002BaLLQA0
a030U000003AXJUQA4,0050U000003lEZMQA2,,I-00181,2020-05-30T05:27:59.000+0000,0050U000003lEZMQA2,2020-05-30T05:27:59.000+0000,0050U000003lEZMQA2,2020-05-30T05:27:59.000+0000,,2020-05-30T05:27:59.000+0000,2020-05-30T05:27:59.000+0000,0010U000012MUtOQAW,,,,,0030U00000qIjvJQAS,15000,Northern Trail Outfitters,Vida,,4.23,Puma,48175,555555862,Approved,36,a040U000002BaLMQA0
a030U000003AXJVQA4,0050U000003lEZMQA2,,I-00182,2020-05-30T05:27:59.000+0000,0050U000003lEZMQA2,2020-05-30T05:27:59.000+0000,0050U000003lEZMQA2,2020-05-30T05:27:59.000+0000,,2020-05-30T05:27:59.000+0000,2020-05-30T05:27:59.000+0000,0010U000012MUtQQAW,,,,,0030U00000qIjvLQAS,5000,E-Bikes,Magnolia,,5.68,Chesnutt,50775,555553405,Pending,60,a040U000002BaLOQA0
a030U000003AXJWQA4,0050U000003lEZMQA2,,I-00183,2020-05-30T05:27:59.000+0000,0050U000003lEZMQA2,2020-05-30T05:27:59.000+0000,0050U000003lEZMQA2,2020-05-30T05:27:59.000+0000,,2020-05-30T05:27:59.000+0000,2020-05-30T05:27:59.000+0000,0010U000012MUtSQAW,,,,,0030U00000qIjvNQAS,10000,E-Bikes,Dottie,,4.84,Plesnarski,54675,555559369,Pending,48,a040U000002BaLQQA0
a030U000003AXJXQA4,0050U000003lEZMQA2,,I-00184,2020-05-30T05:27:59.000+0000,0050U000003lEZMQA2,2020-05-30T05:27:59.000+0000,0050U000003lEZMQA2,2020-05-30T05:27:59.000+0000,,2020-05-30T05:27:59.000+0000,2020-05-30T05:27:59.000+0000,0010U000012MUtUQAW,,,,,0030U00000qIjvPQAS,10000,Easy Spaces,Carri,,3.87,Schomer,61175,555555973,Approved,84,a040U000002BaLSQA0
a030U000003AXJYQA4,0050U000003lEZMQA2,,I-00185,2020-05-30T05:27:59.000+0000,0050U000003lEZMQA2,2020-05-30T05:27:59.000+0000,0050U000003lEZMQA2,2020-05-30T05:27:59.000+0000,,2020-05-30T05:27:59.000+0000,2020-05-30T05:27:59.000+0000,0010U000012MUtXQAW,,,,,0030U00000qIjvSQAS,3000,DreamHouse,Bettye,,5.75,Lattari,40575,555551961,Declined,72,a040U000002BaLVQA0
a030U000003AXJZQA4,0050U000003lEZMQA2,,I-00186,2020-05-30T05:27:59.000+0000,0050U000003lEZMQA2,2020-05-30T05:27:59.000+0000,0050U000003lEZMQA2,2020-05-30T05:27:59.000+0000,,2020-05-30T05:27:59.000+0000,2020-05-30T05:27:59.000+0000,0010U000012MUtZQAW,,,,,0030U00000qIjvUQAS,15000,E-Bikes,Albertha,,5.1,Rabsatt,52275,555551133,Declined,60,a040U000002BaLXQA0
a030U000003AXJaQAO,0050U000003lEZMQA2,,I-00187,2020-05-30T05:27:59.000+0000,0050U000003lEZMQA2,2020-05-30T05:27:59.000+0000,0050U000003lEZMQA2,2020-05-30T05:27:59.000+0000,,2020-05-30T05:27:59.000+0000,2020-05-30T05:27:59.000+0000,0010U000012MUtaQAG,,,,,0030U00000qIjvVQAS,1000,Easy Spaces,Juana,,5.27,Pendl,46275,555551717,Approved,48,a040U000002BaLYQA0
a030U000003AXJdQAO,0050U000003lEZMQA2,,I-00190,2020-05-30T05:27:59.000+0000,0050U000003lEZMQA2,2020-05-30T05:27:59.000+0000,0050U000003lEZMQA2,2020-05-30T05:27:59.000+0000,,2020-05-30T05:27:59.000+0000,2020-05-30T05:27:59.000+0000,0010U000012MUtjQAG,,,,,0030U00000qIjveQAC,1000,DreamHouse,Yolonda,,8.39,Stickels,53675,555554504,Approved,72,a040U000002BaLhQAK
a030U000003AXJeQAO,0050U000003lEZMQA2,,I-00191,2020-05-30T05:27:59.000+0000,0050U000003lEZMQA2,2020-05-30T05:27:59.000+0000,0050U000003lEZMQA2,2020-05-30T05:27:59.000+0000,,2020-05-30T05:27:59.000+0000,2020-05-30T05:27:59.000+0000,0010U000012MUtnQAG,,,,,0030U00000qIjviQAC,10000,E-Bikes,Nickole,,1.46,Choate,43900,555559140,Approved,72,a040U000002BaLlQAK
a030U000003AXJfQAO,0050U000003lEZMQA2,,I-00192,2020-05-30T05:27:59.000+0000,0050U000003lEZMQA2,2020-05-30T05:27:59.000+0000,0050U000003lEZMQA2,2020-05-30T05:27:59.000+0000,,2020-05-30T05:27:59.000+0000,2020-05-30T05:27:59.000+0000,0010U000012MUtqQAG,,,,,0030U00000qIjvlQAC,3000,E-Bikes,Frederick,,5.82,Callabrass,55375,555559794,Pending,60,a040U000002BaLoQAK
a030U000003AXJgQAO,0050U000003lEZMQA2,,I-00193,2020-05-30T05:27:59.000+0000,0050U000003lEZMQA2,2020-05-30T05:27:59.000+0000,0050U000003lEZMQA2,2020-05-30T05:27:59.000+0000,,2020-05-30T05:27:59.000+0000,2020-05-30T05:27:59.000+0000,0010U000012MUtuQAG,,,,,0030U00000qIjvpQAC,10000,Pure Aloe,Berna,,6.71,Mosholder,56100,555551481,Approved,60,a040U000002BaLsQAK
a030U000003AXJhQAO,0050U000003lEZMQA2,,I-00194,2020-05-30T05:27:59.000+0000,0050U000003lEZMQA2,2020-05-30T05:27:59.000+0000,0050U000003lEZMQA2,2020-05-30T05:27:59.000+0000,,2020-05-30T05:27:59.000+0000,2020-05-30T05:27:59.000+0000,0010U000012MUtvQAG,,,,,0030U00000qIjvqQAC,10000,DreamInvest,Lupe,,5.91,Ricciardi,42675,555556337,Approved,72,a040U000002BaLtQAK
a030U000003AXJiQAO,0050U000003lEZMQA2,,I-00195,2020-05-30T05:27:59.000+0000,0050U000003lEZMQA2,2020-05-30T05:27:59.000+0000,0050U000003lEZMQA2,2020-05-30T05:27:59.000+0000,,2020-05-30T05:27:59.000+0000,2020-05-30T05:27:59.000+0000,0010U000012MUtxQAG,,,,,0030U00000qIjvsQAC,3000,E-Bikes,Sophie,,7.44,Champlin,56675,555555857,Approved,12,a040U000002BaLvQAK
a030U000003AXJbQAO,0050U000003lEZMQA2,,I-00188,2020-05-30T05:27:59.000+0000,0050U000003lEZMQA2,2020-05-30T05:27:59.000+0000,0050U000003lEZMQA2,2020-05-30T05:27:59.000+0000,,2020-05-30T05:27:59.000+0000,2020-05-30T05:27:59.000+0000,0010U000012MUtbQAG,,,,,0030U00000qIjvWQAS,15000,Easy Spaces,Abel,,3.74,Salizar,26175,555557495,Approved,84,a040U000002BaLZQA0
a030U000003AXJcQAO,0050U000003lEZMQA2,,I-00189,2020-05-30T05:27:59.000+0000,0050U000003lEZMQA2,2020-05-30T05:27:59.000+0000,0050U000003lEZMQA2,2020-05-30T05:27:59.000+0000,,2020-05-30T05:27:59.000+0000,2020-05-30T05:27:59.000+0000,0010U000012MUtcQAG,,,,,0030U00000qIjvXQAS,15000,DreamHouse,Maida,,2.14,Judy,29675,555555805,Approved,48,a040U000002BaLaQAK
a030U000003AXGwQAO,0050U000003lEZMQA2,,I-00000,2020-05-30T05:27:51.000+0000,0050U000003lEZMQA2,2020-05-30T05:27:51.000+0000,0050U000003lEZMQA2,2020-05-30T05:27:51.000+0000,,2020-05-30T05:27:52.000+0000,2020-05-30T05:27:52.000+0000,0010U000012MUnfQAG,,,,,0030U00000qIjpaQAC,1000,DreamInvest,Shona,,4.47,Miyasaki,53500,555558601,Approved,24,a040U000002BaEpQAK
a030U000003AXGxQAO,0050U000003lEZMQA2,,I-00001,2020-05-30T05:27:51.000+0000,0050U000003lEZMQA2,2020-05-30T05:27:51.000+0000,0050U000003lEZMQA2,2020-05-30T05:27:51.000+0000,,2020-05-30T05:27:52.000+0000,2020-05-30T05:27:52.000+0000,0010U000012MUngQAG,,,,,0030U00000qIjpbQAC,10000,DreamHouse,Gladis,,4.3,Liddick,48375,555556312,Approved,36,a040U000002BaEqQAK
a030U000003AXGyQAO,0050U000003lEZMQA2,,I-00002,2020-05-30T05:27:51.000+0000,0050U000003lEZMQA2,2020-05-30T05:27:51.000+0000,0050U000003lEZMQA2,2020-05-30T05:27:51.000+0000,,2020-05-30T05:27:52.000+0000,2020-05-30T05:27:52.000+0000,0010U000012MUniQAG,,,,,0030U00000qIjpdQAC,10000,DreamHouse,Felecia,,6.31,Hanks,49875,555556767,Declined,12,a040U000002BaEsQAK
a030U000003AXGzQAO,0050U000003lEZMQA2,,I-00003,2020-05-30T05:27:51.000+0000,0050U000003lEZMQA2,2020-05-30T05:27:51.000+0000,0050U000003lEZMQA2,2020-05-30T05:27:51.000+0000,,2020-05-30T05:27:52.000+0000,2020-05-30T05:27:52.000+0000,0010U000012MUnmQAG,,,,,0030U00000qIjphQAC,1000,Easy Spaces,Erline,,3.45,Heverly,62175,555559927,Approved,36,a040U000002BaEwQAK
a030U000003AXH0QAO,0050U000003lEZMQA2,,I-00004,2020-05-30T05:27:51.000+0000,0050U000003lEZMQA2,2020-05-30T05:27:51.000+0000,0050U000003lEZMQA2,2020-05-30T05:27:51.000+0000,,2020-05-30T05:27:52.000+0000,2020-05-30T05:27:52.000+0000,0010U000012MUnpQAG,,,,,0030U00000qIjpkQAC,15000,E-Bikes,Tiffaney,,7.35,Markwood,40075,555558067,Approved,60,a040U000002BaEzQAK
a030U000003AXH1QAO,0050U000003lEZMQA2,,I-00005,2020-05-30T05:27:51.000+0000,0050U000003lEZMQA2,2020-05-30T05:27:51.000+0000,0050U000003lEZMQA2,2020-05-30T05:27:51.000+0000,,2020-05-30T05:27:52.000+0000,2020-05-30T05:27:52.000+0000,0010U000012MUnrQAG,,,,,0030U00000qIjpmQAC,3000,DreamHouse,Michelina,,1.15,Strand,57275,555553409,Approved,36,a040U000002BaF1QAK
a030U000003AXH2QAO,0050U000003lEZMQA2,,I-00006,2020-05-30T05:27:51.000+0000,0050U000003lEZMQA2,2020-05-30T05:27:51.000+0000,0050U000003lEZMQA2,2020-05-30T05:27:51.000+0000,,2020-05-30T05:27:52.000+0000,2020-05-30T05:27:52.000+0000,0010U000012MUnsQAG,,,,,0030U00000qIjpnQAC,10000,Easy Spaces,Margot,,3.4,Grignon,34275,555557767,Approved,36,a040U000002BaF2QAK
a030U000003AXH3QAO,0050U000003lEZMQA2,,I-00007,2020-05-30T05:27:51.000+0000,0050U000003lEZMQA2,2020-05-30T05:27:51.000+0000,0050U000003lEZMQA2,2020-05-30T05:27:51.000+0000,,2020-05-30T05:27:52.000+0000,2020-05-30T05:27:52.000+0000,0010U000012MUnuQAG,,,,,0030U00000qIjppQAC,10000,Pure Aloe,Charline,,5.49,Omar,43775,555556481,Pending,36,a040U000002BaF4QAK
a030U000003AXH4QAO,0050U000003lEZMQA2,,I-00008,2020-05-30T05:27:51.000+0000,0050U000003lEZMQA2,2020-05-30T05:27:51.000+0000,0050U000003lEZMQA2,2020-05-30T05:27:51.000+0000,,2020-05-30T05:27:52.000+0000,2020-05-30T05:27:52.000+0000,0010U000012MUnyQAG,,,,,0030U00000qIjptQAC,5000,E-Bikes,Cesar,,7.81,Pew,53900,555554018,Approved,72,a040U000002BaF8QAK
a030U000003AXH5QAO,0050U000003lEZMQA2,,I-00009,2020-05-30T05:27:51.000+0000,0050U000003lEZMQA2,2020-05-30T05:27:51.000+0000,0050U000003lEZMQA2,2020-05-30T05:27:51.000+0000,,2020-05-30T05:27:52.000+0000,2020-05-30T05:27:52.000+0000,0010U000012MUo1QAG,,,,,0030U00000qIjpwQAC,10000,Easy Spaces,Chuck,,6.54,Jurden,47800,555553390,Approved,60,a040U000002BaFBQA0
a030U000003AXH6QAO,0050U000003lEZMQA2,,I-00010,2020-05-30T05:27:51.000+0000,0050U000003lEZMQA2,2020-05-30T05:27:51.000+0000,0050U000003lEZMQA2,2020-05-30T05:27:51.000+0000,,2020-05-30T05:27:52.000+0000,2020-05-30T05:27:52.000+0000,0010U000012MUo3QAG,,,,,0030U00000qIjpyQAC,10000,Redwoods Insurance,Janine,,4.32,Heffernan,57675,555558531,Approved,12,a040U000002BaFDQA0
a030U000003AXH7QAO,0050U000003lEZMQA2,,I-00011,2020-05-30T05:27:51.000+0000,0050U000003lEZMQA2,2020-05-30T05:27:51.000+0000,0050U000003lEZMQA2,2020-05-30T05:27:51.000+0000,,2020-05-30T05:27:52.000+0000,2020-05-30T05:27:52.000+0000,0010U000012MUo4QAG,,,,,0030U00000qIjpzQAC,3000,DreamInvest,Hayley,,2.45,Larizza,50500,555556589,Approved,72,a040U000002BaFEQA0
a030U000003AXH8QAO,0050U000003lEZMQA2,,I-00012,2020-05-30T05:27:51.000+0000,0050U000003lEZMQA2,2020-05-30T05:27:51.000+0000,0050U000003lEZMQA2,2020-05-30T05:27:51.000+0000,,2020-05-30T05:27:52.000+0000,2020-05-30T05:27:52.000+0000,0010U000012MUo5QAG,,,,,0030U00000qIjq0QAC,10000,Easy Spaces,Ernestine,,7.79,Mcninch,44500,555558821,Approved,36,a040U000002BaFFQA0
a030U000003AXH9QAO,0050U000003lEZMQA2,,I-00013,2020-05-30T05:27:51.000+0000,0050U000003lEZMQA2,2020-05-30T05:27:51.000+0000,0050U000003lEZMQA2,2020-05-30T05:27:51.000+0000,,2020-05-30T05:27:52.000+0000,2020-05-30T05:27:52.000+0000,0010U000012MUo9QAG,,,,,0030U00000qIjq4QAC,10000,DreamInvest,Florrie,,8.11,Denina,42800,555554361,Approved,60,a040U000002BaFJQA0
a030U000003AXHAQA4,0050U000003lEZMQA2,,I-00014,2020-05-30T05:27:51.000+0000,0050U000003lEZMQA2,2020-05-30T05:27:51.000+0000,0050U000003lEZMQA2,2020-05-30T05:27:51.000+0000,,2020-05-30T05:27:52.000+0000,2020-05-30T05:27:52.000+0000,0010U000012MUoAQAW,,,,,0030U00000qIjq5QAC,3000,DreamInvest,Deshawn,,8.58,Paddick,48300,555558986,Approved,72,a040U000002BaFKQA0
a030U000003AXHBQA4,0050U000003lEZMQA2,,I-00015,2020-05-30T05:27:51.000+0000,0050U000003lEZMQA2,2020-05-30T05:27:51.000+0000,0050U000003lEZMQA2,2020-05-30T05:27:51.000+0000,,2020-05-30T05:27:52.000+0000,2020-05-30T05:27:52.000+0000,0010U000012MUoCQAW,,,,,0030U00000qIjq7QAC,10000,DreamInvest,Madelaine,,2.78,Buer,40075,555555382,Pending,36,a040U000002BaFMQA0
a030U000003AXHCQA4,0050U000003lEZMQA2,,I-00016,2020-05-30T05:27:51.000+0000,0050U000003lEZMQA2,2020-05-30T05:27:51.000+0000,0050U000003lEZMQA2,2020-05-30T05:27:51.000+0000,,2020-05-30T05:27:52.000+0000,2020-05-30T05:27:52.000+0000,0010U000012MUoEQAW,,,,,0030U00000qIjq9QAC,15000,Pure Aloe,Reanna,,4.38,Lauver,40775,555555387,Pending,12,a040U000002BaFOQA0
a030U000003AXHDQA4,0050U000003lEZMQA2,,I-00017,2020-05-30T05:27:51.000+0000,0050U000003lEZMQA2,2020-05-30T05:27:51.000+0000,0050U000003lEZMQA2,2020-05-30T05:27:51.000+0000,,2020-05-30T05:27:52.000+0000,2020-05-30T05:27:52.000+0000,0010U000012MUoGQAW,,,,,0030U00000qIjqBQAS,5000,DreamInvest,Angelika,,2.63,Lymaster,54300,555558191,Approved,48,a040U000002BaFQQA0
a030U000003AXHEQA4,0050U000003lEZMQA2,,I-00018,2020-05-30T05:27:51.000+0000,0050U000003lEZMQA2,2020-05-30T05:27:51.000+0000,0050U000003lEZMQA2,2020-05-30T05:27:51.000+0000,,2020-05-30T05:27:52.000+0000,2020-05-30T05:27:52.000+0000,0010U000012MUoIQAW,,,,,0030U00000qIjqDQAS,3000,DreamInvest,Shannon,,1.13,Demian,57275,555557779,Approved,60,a040U000002BaFSQA0
a030U000003AXHFQA4,0050U000003lEZMQA2,,I-00019,2020-05-30T05:27:51.000+0000,0050U000003lEZMQA2,2020-05-30T05:27:51.000+0000,0050U000003lEZMQA2,2020-05-30T05:27:51.000+0000,,2020-05-30T05:27:52.000+0000,2020-05-30T05:27:52.000+0000,0010U000012MUoKQAW,,,,,0030U00000qIjqFQAS,3000,DreamInvest,Una,,8.41,Marmol,45775,555559538,Pending,72,a040U000002BaFUQA0
a030U000003AXHGQA4,0050U000003lEZMQA2,,I-00020,2020-05-30T05:27:51.000+0000,0050U000003lEZMQA2,2020-05-30T05:27:51.000+0000,0050U000003lEZMQA2,2020-05-30T05:27:51.000+0000,,2020-05-30T05:27:52.000+0000,2020-05-30T05:27:52.000+0000,0010U000012MUoMQAW,,,,,0030U00000qIjqHQAS,3000,DreamHouse,Maryam,,2.65,Delton,56500,555555685,Approved,48,a040U000002BaFWQA0
a030U000003AXHHQA4,0050U000003lEZMQA2,,I-00021,2020-05-30T05:27:51.000+0000,0050U000003lEZMQA2,2020-05-30T05:27:51.000+0000,0050U000003lEZMQA2,2020-05-30T05:27:51.000+0000,,2020-05-30T05:27:52.000+0000,2020-05-30T05:27:52.000+0000,0010U000012MUoNQAW,,,,,0030U00000qIjqIQAS,5000,Easy Spaces,Caron,,4.5,Geckles,50400,555554192,Approved,72,a040U000002BaFXQA0
a030U000003AXHIQA4,0050U000003lEZMQA2,,I-00022,2020-05-30T05:27:51.000+0000,0050U000003lEZMQA2,2020-05-30T05:27:51.000+0000,0050U000003lEZMQA2,2020-05-30T05:27:51.000+0000,,2020-05-30T05:27:52.000+0000,2020-05-30T05:27:52.000+0000,0010U000012MUoOQAW,,,,,0030U00000qIjqJQAS,1000,DreamInvest,Edris,,2.9,Warshaw,46275,555558403,Pending,48,a040U000002BaFYQA0
a030U000003AXHJQA4,0050U000003lEZMQA2,,I-00023,2020-05-30T05:27:51.000+0000,0050U000003lEZMQA2,2020-05-30T05:27:51.000+0000,0050U000003lEZMQA2,2020-05-30T05:27:51.000+0000,,2020-05-30T05:27:52.000+0000,2020-05-30T05:27:52.000+0000,0010U000012MUoQQAW,,,,,0030U00000qIjqLQAS,15000,Redwoods Insurance,Amanda,,2.7,Vinson,43775,555551114,Pending,36,a040U000002BaFaQAK
a030U000003AXJjQAO,0050U000003lEZMQA2,,I-00196,2020-05-30T05:27:59.000+0000,0050U000003lEZMQA2,2020-05-30T05:27:59.000+0000,0050U000003lEZMQA2,2020-05-30T05:27:59.000+0000,,2020-05-30T05:27:59.000+0000,2020-05-30T05:27:59.000+0000,0010U000012MUu8QAG,,,,,0030U00000qIjw3QAC,5000,Redwoods Insurance,Sharleen,,2.12,Skyles,52400,555556283,Approved,60,a040U000002BaM6QAK
a030U000003AXJkQAO,0050U000003lEZMQA2,,I-00197,2020-05-30T05:27:59.000+0000,0050U000003lEZMQA2,2020-05-30T05:27:59.000+0000,0050U000003lEZMQA2,2020-05-30T05:27:59.000+0000,,2020-05-30T05:27:59.000+0000,2020-05-30T05:27:59.000+0000,0010U000012MUuAQAW,,,,,0030U00000qIjw5QAC,10000,Easy Spaces,Elizabet,,7.59,Aronov,48000,555554991,Approved,48,a040U000002BaM8QAK
a030U000003AXJlQAO,0050U000003lEZMQA2,,I-00198,2020-05-30T05:27:59.000+0000,0050U000003lEZMQA2,2020-05-30T05:27:59.000+0000,0050U000003lEZMQA2,2020-05-30T05:27:59.000+0000,,2020-05-30T05:27:59.000+0000,2020-05-30T05:27:59.000+0000,0010U000012MUuDQAW,,,,,0030U00000qIjw8QAC,5000,Redwoods Insurance,Chi,,7.92,Newnam,45600,555557156,Approved,60,a040U000002BaMBQA0
a030U000003AXJmQAO,0050U000003lEZMQA2,,I-00199,2020-05-30T05:27:59.000+0000,0050U000003lEZMQA2,2020-05-30T05:27:59.000+0000,0050U000003lEZMQA2,2020-05-30T05:27:59.000+0000,,2020-05-30T05:27:59.000+0000,2020-05-30T05:27:59.000+0000,0010U000012MUuGQAW,,,,,0030U00000qIjwBQAS,10000,Easy Spaces,Iona,,5.58,Lot,53575,555555536,Approved,72,a040U000002BaMEQA0
a030U000003AXJnQAO,0050U000003lEZMQA2,,I-00200,2020-05-30T05:27:59.000+0000,0050U000003lEZMQA2,2020-05-30T05:27:59.000+0000,0050U000003lEZMQA2,2020-05-30T05:27:59.000+0000,,2020-05-30T05:27:59.000+0000,2020-05-30T05:27:59.000+0000,0010U000012MUuHQAW,,,,,0030U00000qIjwCQAS,1000,DreamHouse,Apryl,,1.68,Kanjirathinga,64275,555559076,Approved,36,a040U000002BaMFQA0
a030U000003AXJoQAO,0050U000003lEZMQA2,,I-00201,2020-05-30T05:27:59.000+0000,0050U000003lEZMQA2,2020-05-30T05:27:59.000+0000,0050U000003lEZMQA2,2020-05-30T05:27:59.000+0000,,2020-05-30T05:27:59.000+0000,2020-05-30T05:27:59.000+0000,0010U000012MUuLQAW,,,,,0030U00000qIjwGQAS,1000,DreamHouse,Gaylord,,5,Lonon,62900,555558226,Pending,48,a040U000002BaMJQA0
a030U000003AXJpQAO,0050U000003lEZMQA2,,I-00202,2020-05-30T05:27:59.000+0000,0050U000003lEZMQA2,2020-05-30T05:27:59.000+0000,0050U000003lEZMQA2,2020-05-30T05:27:59.000+0000,,2020-05-30T05:27:59.000+0000,2020-05-30T05:27:59.000+0000,0010U000012MUuMQAW,,,,,0030U00000qIjwHQAS,10000,Pure Aloe,Marian,,7.81,Trentz,50600,555551887,Approved,72,a040U000002BaMKQA0
a030U000003AXJqQAO,0050U000003lEZMQA2,,I-00203,2020-05-30T05:27:59.000+0000,0050U000003lEZMQA2,2020-05-30T05:27:59.000+0000,0050U000003lEZMQA2,2020-05-30T05:27:59.000+0000,,2020-05-30T05:27:59.000+0000,2020-05-30T05:27:59.000+0000,0010U000012MUuNQAW,,,,,0030U00000qIjwIQAS,10000,E-Bikes,Ivette,,3.16,Pilkenton,41300,555555014,Pending,12,a040U000002BaMLQA0
a030U000003AXJrQAO,0050U000003lEZMQA2,,I-00204,2020-05-30T05:27:59.000+0000,0050U000003lEZMQA2,2020-05-30T05:27:59.000+0000,0050U000003lEZMQA2,2020-05-30T05:27:59.000+0000,,2020-05-30T05:27:59.000+0000,2020-05-30T05:27:59.000+0000,0010U000012MUuPQAW,,,,,0030U00000qIjwKQAS,3000,Northern Trail Outfitters,Geraldo,,7.19,Foxx,44775,555556489,Pending,72,a040U000002BaMNQA0
a030U000003AXJsQAO,0050U000003lEZMQA2,,I-00205,2020-05-30T05:27:59.000+0000,0050U000003lEZMQA2,2020-05-30T05:27:59.000+0000,0050U000003lEZMQA2,2020-05-30T05:27:59.000+0000,,2020-05-30T05:27:59.000+0000,2020-05-30T05:27:59.000+0000,0010U000012MUuUQAW,,,,,0030U00000qIjwPQAS,10000,Easy Spaces,Nida,,1.36,Gehrke,44100,555559717,Pending,60,a040U000002BaMSQA0
a030U000003AXJtQAO,0050U000003lEZMQA2,,I-00206,2020-05-30T05:27:59.000+0000,0050U000003lEZMQA2,2020-05-30T05:27:59.000+0000,0050U000003lEZMQA2,2020-05-30T05:27:59.000+0000,,2020-05-30T05:27:59.000+0000,2020-05-30T05:27:59.000+0000,0010U000012MUuVQAW,,,,,0030U00000qIjwQQAS,1000,DreamInvest,Latrina,,6.15,Gilson,63100,555555865,Declined,36,a040U000002BaMTQA0
a030U000003AXJuQAO,0050U000003lEZMQA2,,I-00207,2020-05-30T05:27:59.000+0000,0050U000003lEZMQA2,2020-05-30T05:27:59.000+0000,0050U000003lEZMQA2,2020-05-30T05:27:59.000+0000,,2020-05-30T05:27:59.000+0000,2020-05-30T05:27:59.000+0000,0010U000012MUuWQAW,,,,,0030U00000qIjwRQAS,10000,DreamHouse,Buster,,7.98,Crowthers,35175,555555089,Approved,72,a040U000002BaMUQA0
a030U000003AXJvQAO,0050U000003lEZMQA2,,I-00208,2020-05-30T05:27:59.000+0000,0050U000003lEZMQA2,2020-05-30T05:27:59.000+0000,0050U000003lEZMQA2,2020-05-30T05:27:59.000+0000,,2020-05-30T05:27:59.000+0000,2020-05-30T05:27:59.000+0000,0010U000012MUuYQAW,,,,,0030U00000qIjwTQAS,10000,DreamHouse,Breana,,7.5,Tellman,39675,555555561,Approved,12,a040U000002BaMWQA0
a030U000003AXJwQAO,0050U000003lEZMQA2,,I-00209,2020-05-30T05:27:59.000+0000,0050U000003lEZMQA2,2020-05-30T05:27:59.000+0000,0050U000003lEZMQA2,2020-05-30T05:27:59.000+0000,,2020-05-30T05:27:59.000+0000,2020-05-30T05:27:59.000+0000,0010U000012MUuZQAW,,,,,0030U00000qIjwUQAS,10000,E-Bikes,Genesis,,6.1,Boscarello,57675,555551848,Declined,36,a040U000002BaMXQA0
a030U000003AXJxQAO,0050U000003lEZMQA2,,I-00210,2020-05-30T05:27:59.000+0000,0050U000003lEZMQA2,2020-05-30T05:27:59.000+0000,0050U000003lEZMQA2,2020-05-30T05:27:59.000+0000,,2020-05-30T05:27:59.000+0000,2020-05-30T05:27:59.000+0000,0010U000012MUuaQAG,,,,,0030U00000qIjwVQAS,5000,Redwoods Insurance,Autumn,,7.58,Lizarrago,50600,555551901,Approved,48,a040U000002BaMYQA0
a030U000003AXJyQAO,0050U000003lEZMQA2,,I-00211,2020-05-30T05:27:59.000+0000,0050U000003lEZMQA2,2020-05-30T05:27:59.000+0000,0050U000003lEZMQA2,2020-05-30T05:27:59.000+0000,,2020-05-30T05:27:59.000+0000,2020-05-30T05:27:59.000+0000,0010U000012MUudQAG,,,,,0030U00000qIjwYQAS,15000,Easy Spaces,Lenny,,2.8,Munar,31900,555556130,Approved,60,a040U000002BaMbQAK
a030U000003AXJzQAO,0050U000003lEZMQA2,,I-00212,2020-05-30T05:27:59.000+0000,0050U000003lEZMQA2,2020-05-30T05:27:59.000+0000,0050U000003lEZMQA2,2020-05-30T05:27:59.000+0000,,2020-05-30T05:27:59.000+0000,2020-05-30T05:27:59.000+0000,0010U000012MUufQAG,,,,,0030U00000qIjwaQAC,5000,DreamHouse,Max,,2.31,Mootz,62600,555553282,Pending,60,a040U000002BaMdQAK
a030U000003AXK0QAO,0050U000003lEZMQA2,,I-00213,2020-05-30T05:27:59.000+0000,0050U000003lEZMQA2,2020-05-30T05:27:59.000+0000,0050U000003lEZMQA2,2020-05-30T05:27:59.000+0000,,2020-05-30T05:27:59.000+0000,2020-05-30T05:27:59.000+0000,0010U000012MUukQAG,,,,,0030U00000qIjwfQAC,5000,DreamInvest,Brooks,,4.86,Sankovich,40600,555555385,Pending,84,a040U000002BaMiQAK
a030U000003AXK1QAO,0050U000003lEZMQA2,,I-00214,2020-05-30T05:27:59.000+0000,0050U000003lEZMQA2,2020-05-30T05:27:59.000+0000,0050U000003lEZMQA2,2020-05-30T05:27:59.000+0000,,2020-05-30T05:27:59.000+0000,2020-05-30T05:27:59.000+0000,0010U000012MUulQAG,,,,,0030U00000qIjwgQAC,3000,Northern Trail Outfitters,Hang,,4.15,Colona,60775,555552157,Approved,48,a040U000002BaMjQAK
a030U000003AXK2QAO,0050U000003lEZMQA2,,I-00215,2020-05-30T05:27:59.000+0000,0050U000003lEZMQA2,2020-05-30T05:27:59.000+0000,0050U000003lEZMQA2,2020-05-30T05:27:59.000+0000,,2020-05-30T05:27:59.000+0000,2020-05-30T05:27:59.000+0000,0010U000012MUunQAG,,,,,0030U00000qIjwiQAC,3000,DreamInvest,Patience,,8.87,Morro,53300,555554832,Pending,72,a040U000002BaMlQAK
a030U000003AXK3QAO,0050U000003lEZMQA2,,I-00216,2020-05-30T05:27:59.000+0000,0050U000003lEZMQA2,2020-05-30T05:27:59.000+0000,0050U000003lEZMQA2,2020-05-30T05:27:59.000+0000,,2020-05-30T05:27:59.000+0000,2020-05-30T05:27:59.000+0000,0010U000012MUupQAG,,,,,0030U00000qIjwkQAC,10000,Northern Trail Outfitters,Chasidy,,8.15,Torris,40600,555555928,Approved,12,a040U000002BaMnQAK
a030U000003AXK4QAO,0050U000003lEZMQA2,,I-00217,2020-05-30T05:27:59.000+0000,0050U000003lEZMQA2,2020-05-30T05:27:59.000+0000,0050U000003lEZMQA2,2020-05-30T05:27:59.000+0000,,2020-05-30T05:27:59.000+0000,2020-05-30T05:27:59.000+0000,0010U000012MUuqQAG,,,,,0030U00000qIjwlQAC,15000,E-Bikes,Caitlin,,7.77,Parrott,44675,555555662,Approved,24,a040U000002BaMoQAK
a030U000003AXK5QAO,0050U000003lEZMQA2,,I-00218,2020-05-30T05:27:59.000+0000,0050U000003lEZMQA2,2020-05-30T05:27:59.000+0000,0050U000003lEZMQA2,2020-05-30T05:27:59.000+0000,,2020-05-30T05:27:59.000+0000,2020-05-30T05:27:59.000+0000,0010U000012MUurQAG,,,,,0030U00000qIjwmQAC,3000,DreamInvest,Teresia,,3.16,Sallee,50875,555557096,Approved,36,a040U000002BaMpQAK
a030U000003AXGZQA4,0050U000003lEZMQA2,,I-00024,2020-05-30T05:27:51.000+0000,0050U000003lEZMQA2,2020-05-30T05:27:51.000+0000,0050U000003lEZMQA2,2020-05-30T05:27:51.000+0000,,2020-05-30T05:27:51.000+0000,2020-05-30T05:27:51.000+0000,0010U000012MUmrQAG,,,,,0030U00000qIjomQAC,3000,Easy Spaces,Arnita,,2.6,Gabay,49675,555555460,Approved,24,a040U000002BaFdQAK
a030U000003AXGaQAO,0050U000003lEZMQA2,,I-00025,2020-05-30T05:27:51.000+0000,0050U000003lEZMQA2,2020-05-30T05:27:51.000+0000,0050U000003lEZMQA2,2020-05-30T05:27:51.000+0000,,2020-05-30T05:27:52.000+0000,2020-05-30T05:27:52.000+0000,0010U000012MUmwQAG,,,,,0030U00000qIjorQAC,5000,E-Bikes,Giselle,,3.48,Bonefield,44300,555556172,Approved,36,a040U000002BaFiQAK
a030U000003AXGbQAO,0050U000003lEZMQA2,,I-00026,2020-05-30T05:27:51.000+0000,0050U000003lEZMQA2,2020-05-30T05:27:51.000+0000,0050U000003lEZMQA2,2020-05-30T05:27:51.000+0000,,2020-05-30T05:27:52.000+0000,2020-05-30T05:27:52.000+0000,0010U000012MUmyQAG,,,,,0030U00000qIjotQAC,15000,Easy Spaces,Tova,,6.91,Carey,44875,555555087,Approved,72,a040U000002BaFkQAK
a030U000003AXGcQAO,0050U000003lEZMQA2,,I-00027,2020-05-30T05:27:51.000+0000,0050U000003lEZMQA2,2020-05-30T05:27:51.000+0000,0050U000003lEZMQA2,2020-05-30T05:27:51.000+0000,,2020-05-30T05:27:52.000+0000,2020-05-30T05:27:52.000+0000,0010U000012MUn3QAG,,,,,0030U00000qIjoyQAC,3000,Easy Spaces,Lavelle,,2.18,Keros,56500,555555491,Approved,60,a040U000002BaFpQAK
a030U000003AXGdQAO,0050U000003lEZMQA2,,I-00028,2020-05-30T05:27:51.000+0000,0050U000003lEZMQA2,2020-05-30T05:27:51.000+0000,0050U000003lEZMQA2,2020-05-30T05:27:51.000+0000,,2020-05-30T05:27:52.000+0000,2020-05-30T05:27:52.000+0000,0010U000012MUn5QAG,,,,,0030U00000qIjp0QAC,15000,E-Bikes,Lina,,2.23,Woodmansee,52075,555559941,Approved,24,a040U000002BaFrQAK
a030U000003AXGeQAO,0050U000003lEZMQA2,,I-00029,2020-05-30T05:27:51.000+0000,0050U000003lEZMQA2,2020-05-30T05:27:51.000+0000,0050U000003lEZMQA2,2020-05-30T05:27:51.000+0000,,2020-05-30T05:27:52.000+0000,2020-05-30T05:27:52.000+0000,0010U000012MUn9QAG,,,,,0030U00000qIjp4QAC,10000,Easy Spaces,Danica,,6.41,Demorest,46100,555556536,Approved,60,a040U000002BaFvQAK
a030U000003AXGfQAO,0050U000003lEZMQA2,,I-00030,2020-05-30T05:27:51.000+0000,0050U000003lEZMQA2,2020-05-30T05:27:51.000+0000,0050U000003lEZMQA2,2020-05-30T05:27:51.000+0000,,2020-05-30T05:27:52.000+0000,2020-05-30T05:27:52.000+0000,0010U000012MUnAQAW,,,,,0030U00000qIjp5QAC,5000,DreamInvest,Cayla,,6.73,Vessel,55800,555557221,Approved,24,a040U000002BaFwQAK
a030U000003AXGgQAO,0050U000003lEZMQA2,,I-00031,2020-05-30T05:27:51.000+0000,0050U000003lEZMQA2,2020-05-30T05:27:51.000+0000,0050U000003lEZMQA2,2020-05-30T05:27:51.000+0000,,2020-05-30T05:27:52.000+0000,2020-05-30T05:27:52.000+0000,0010U000012MUnBQAW,,,,,0030U00000qIjp6QAC,5000,DreamHouse,Connie,,4.53,Mcclearen,60275,555558033,Approved,36,a040U000002BaFxQAK
a030U000003AXGhQAO,0050U000003lEZMQA2,,I-00032,2020-05-30T05:27:51.000+0000,0050U000003lEZMQA2,2020-05-30T05:27:51.000+0000,0050U000003lEZMQA2,2020-05-30T05:27:51.000+0000,,2020-05-30T05:27:52.000+0000,2020-05-30T05:27:52.000+0000,0010U000012MUnCQAW,,,,,0030U00000qIjp7QAC,3000,E-Bikes,Guadalupe,,6.89,Debem,57600,555551265,Pending,24,a040U000002BaFyQAK
a030U000003AXGiQAO,0050U000003lEZMQA2,,I-00033,2020-05-30T05:27:51.000+0000,0050U000003lEZMQA2,2020-05-30T05:27:51.000+0000,0050U000003lEZMQA2,2020-05-30T05:27:51.000+0000,,2020-05-30T05:27:52.000+0000,2020-05-30T05:27:52.000+0000,0010U000012MUnDQAW,,,,,0030U00000qIjp8QAC,5000,Easy Spaces,Reginia,,8.8,Peed,36500,555554127,Approved,60,a040U000002BaFzQAK
a030U000003AXGjQAO,0050U000003lEZMQA2,,I-00034,2020-05-30T05:27:51.000+0000,0050U000003lEZMQA2,2020-05-30T05:27:51.000+0000,0050U000003lEZMQA2,2020-05-30T05:27:51.000+0000,,2020-05-30T05:27:52.000+0000,2020-05-30T05:27:52.000+0000,0010U000012MUnKQAW,,,,,0030U00000qIjpFQAS,3000,DreamInvest,Vern,,3.13,Mashni,66300,555553857,Approved,36,a040U000002BaG6QAK
a030U000003AXGkQAO,0050U000003lEZMQA2,,I-00035,2020-05-30T05:27:51.000+0000,0050U000003lEZMQA2,2020-05-30T05:27:51.000+0000,0050U000003lEZMQA2,2020-05-30T05:27:51.000+0000,,2020-05-30T05:27:52.000+0000,2020-05-30T05:27:52.000+0000,0010U000012MUnLQAW,,,,,0030U00000qIjpGQAS,10000,Redwoods Insurance,Dianna,,4.15,Malakan,44675,555552618,Approved,36,a040U000002BaG7QAK
a030U000003AXGlQAO,0050U000003lEZMQA2,,I-00036,2020-05-30T05:27:51.000+0000,0050U000003lEZMQA2,2020-05-30T05:27:51.000+0000,0050U000003lEZMQA2,2020-05-30T05:27:51.000+0000,,2020-05-30T05:27:52.000+0000,2020-05-30T05:27:52.000+0000,0010U000012MUnNQAW,,,,,0030U00000qIjpIQAS,10000,DreamHouse,Euna,,2.91,Stenger,36100,555556062,Approved,48,a040U000002BaG9QAK
a030U000003AXGmQAO,0050U000003lEZMQA2,,I-00037,2020-05-30T05:27:51.000+0000,0050U000003lEZMQA2,2020-05-30T05:27:51.000+0000,0050U000003lEZMQA2,2020-05-30T05:27:51.000+0000,,2020-05-30T05:27:52.000+0000,2020-05-30T05:27:52.000+0000,0010U000012MUnOQAW,,,,,0030U00000qIjpJQAS,15000,Easy Spaces,Marinda,,5.47,Roat,38575,555554934,Approved,60,a040U000002BaGAQA0
a030U000003AXGnQAO,0050U000003lEZMQA2,,I-00038,2020-05-30T05:27:51.000+0000,0050U000003lEZMQA2,2020-05-30T05:27:51.000+0000,0050U000003lEZMQA2,2020-05-30T05:27:51.000+0000,,2020-05-30T05:27:52.000+0000,2020-05-30T05:27:52.000+0000,0010U000012MUnPQAW,,,,,0030U00000qIjpKQAS,10000,Pure Aloe,Nia,,6.79,Didyk,52400,555551628,Approved,60,a040U000002BaGBQA0
a030U000003AXGoQAO,0050U000003lEZMQA2,,I-00039,2020-05-30T05:27:51.000+0000,0050U000003lEZMQA2,2020-05-30T05:27:51.000+0000,0050U000003lEZMQA2,2020-05-30T05:27:51.000+0000,,2020-05-30T05:27:52.000+0000,2020-05-30T05:27:52.000+0000,0010U000012MUnQQAW,,,,,0030U00000qIjpLQAS,3000,Easy Spaces,Jules,,2.27,Demille,46100,555554215,Approved,36,a040U000002BaGCQA0
a030U000003AXGpQAO,0050U000003lEZMQA2,,I-00040,2020-05-30T05:27:51.000+0000,0050U000003lEZMQA2,2020-05-30T05:27:51.000+0000,0050U000003lEZMQA2,2020-05-30T05:27:51.000+0000,,2020-05-30T05:27:52.000+0000,2020-05-30T05:27:52.000+0000,0010U000012MUnSQAW,,,,,0030U00000qIjpNQAS,1000,Redwoods Insurance,Hien,,7.96,Delang,62175,555557485,Approved,12,a040U000002BaGEQA0
a030U000003AXGqQAO,0050U000003lEZMQA2,,I-00041,2020-05-30T05:27:51.000+0000,0050U000003lEZMQA2,2020-05-30T05:27:51.000+0000,0050U000003lEZMQA2,2020-05-30T05:27:51.000+0000,,2020-05-30T05:27:52.000+0000,2020-05-30T05:27:52.000+0000,0010U000012MUnTQAW,,,,,0030U00000qIjpOQAS,15000,DreamInvest,Emma,,3.97,Ostergren,37275,555554281,Approved,36,a040U000002BaGFQA0
a030U000003AXGrQAO,0050U000003lEZMQA2,,I-00042,2020-05-30T05:27:51.000+0000,0050U000003lEZMQA2,2020-05-30T05:27:51.000+0000,0050U000003lEZMQA2,2020-05-30T05:27:51.000+0000,,2020-05-30T05:27:52.000+0000,2020-05-30T05:27:52.000+0000,0010U000012MUnVQAW,,,,,0030U00000qIjpQQAS,3000,DreamHouse,Vickey,,6.18,Vaquerano,61675,555552469,Declined,60,a040U000002BaGHQA0
a030U000003AXGsQAO,0050U000003lEZMQA2,,I-00043,2020-05-30T05:27:51.000+0000,0050U000003lEZMQA2,2020-05-30T05:27:51.000+0000,0050U000003lEZMQA2,2020-05-30T05:27:51.000+0000,,2020-05-30T05:27:52.000+0000,2020-05-30T05:27:52.000+0000,0010U000012MUnWQAW,,,,,0030U00000qIjpRQAS,5000,Pure Aloe,Michele,,6.47,Stasiak,50600,555554037,Approved,24,a040U000002BaGIQA0
a030U000003AXGtQAO,0050U000003lEZMQA2,,I-00044,2020-05-30T05:27:51.000+0000,0050U000003lEZMQA2,2020-05-30T05:27:51.000+0000,0050U000003lEZMQA2,2020-05-30T05:27:51.000+0000,,2020-05-30T05:27:52.000+0000,2020-05-30T05:27:52.000+0000,0010U000012MUnaQAG,,,,,0030U00000qIjpVQAS,3000,Redwoods Insurance,Marlon,,5.26,Beazley,59800,555556080,Approved,60,a040U000002BaGMQA0
a030U000003AXGuQAO,0050U000003lEZMQA2,,I-00045,2020-05-30T05:27:51.000+0000,0050U000003lEZMQA2,2020-05-30T05:27:51.000+0000,0050U000003lEZMQA2,2020-05-30T05:27:51.000+0000,,2020-05-30T05:27:52.000+0000,2020-05-30T05:27:52.000+0000,0010U000012MUnbQAG,,,,,0030U00000qIjpWQAS,5000,Easy Spaces,Suzan,,7.12,Dimoulakis,65175,555557700,Approved,36,a040U000002BaGNQA0
a030U000003AXGvQAO,0050U000003lEZMQA2,,I-00046,2020-05-30T05:27:51.000+0000,0050U000003lEZMQA2,2020-05-30T05:27:51.000+0000,0050U000003lEZMQA2,2020-05-30T05:27:51.000+0000,,2020-05-30T05:27:52.000+0000,2020-05-30T05:27:52.000+0000,0010U000012MUneQAG,,,,,0030U00000qIjpZQAS,10000,Redwoods Insurance,Naoma,,5.74,Bringle,61300,555554075,Approved,24,a040U000002BaGQQA0
a030U000003AXISQA4,0050U000003lEZMQA2,,I-00117,2020-05-30T05:27:55.000+0000,0050U000003lEZMQA2,2020-05-30T05:27:55.000+0000,0050U000003lEZMQA2,2020-05-30T05:27:55.000+0000,,2020-05-30T05:27:55.000+0000,2020-05-30T05:27:55.000+0000,0010U000012MUqwQAG,,,,,0030U00000qIjsrQAC,3000,Pure Aloe,Emmie,,4.41,Koutz,56600,555552438,Approved,12,a040U000002BaIuQAK
a030U000003AXITQA4,0050U000003lEZMQA2,,I-00118,2020-05-30T05:27:55.000+0000,0050U000003lEZMQA2,2020-05-30T05:27:55.000+0000,0050U000003lEZMQA2,2020-05-30T05:27:55.000+0000,,2020-05-30T05:27:55.000+0000,2020-05-30T05:27:55.000+0000,0010U000012MUr4QAG,,,,,0030U00000qIjszQAC,5000,Easy Spaces,Wilburn,,7.3,Poster,51675,555551749,Declined,72,a040U000002BaJ2QAK
a030U000003AXIUQA4,0050U000003lEZMQA2,,I-00119,2020-05-30T05:27:55.000+0000,0050U000003lEZMQA2,2020-05-30T05:27:55.000+0000,0050U000003lEZMQA2,2020-05-30T05:27:55.000+0000,,2020-05-30T05:27:55.000+0000,2020-05-30T05:27:55.000+0000,0010U000012MUr6QAG,,,,,0030U00000qIjt1QAC,5000,DreamHouse,Nona,,5.76,Delphia,46875,555554887,Declined,36,a040U000002BaJ4QAK
a030U000003AXIVQA4,0050U000003lEZMQA2,,I-00120,2020-05-30T05:27:55.000+0000,0050U000003lEZMQA2,2020-05-30T05:27:55.000+0000,0050U000003lEZMQA2,2020-05-30T05:27:55.000+0000,,2020-05-30T05:27:55.000+0000,2020-05-30T05:27:55.000+0000,0010U000012MUr7QAG,,,,,0030U00000qIjt2QAC,15000,DreamInvest,Tiffaney,,4.35,Haverly,33875,555554466,Approved,48,a040U000002BaJ5QAK
a030U000003AXIWQA4,0050U000003lEZMQA2,,I-00121,2020-05-30T05:27:55.000+0000,0050U000003lEZMQA2,2020-05-30T05:27:55.000+0000,0050U000003lEZMQA2,2020-05-30T05:27:55.000+0000,,2020-05-30T05:27:55.000+0000,2020-05-30T05:27:55.000+0000,0010U000012MUrAQAW,,,,,0030U00000qIjt5QAC,15000,DreamHouse,Maggie,,6.2,Ligas,40075,555556237,Approved,12,a040U000002BaJ8QAK
a030U000003AXIXQA4,0050U000003lEZMQA2,,I-00122,2020-05-30T05:27:55.000+0000,0050U000003lEZMQA2,2020-05-30T05:27:55.000+0000,0050U000003lEZMQA2,2020-05-30T05:27:55.000+0000,,2020-05-30T05:27:55.000+0000,2020-05-30T05:27:55.000+0000,0010U000012MUrEQAW,,,,,0030U00000qIjt9QAC,1000,Easy Spaces,Evon,,8.4,Guerette,45500,555559170,Approved,72,a040U000002BaJCQA0
a030U000003AXIYQA4,0050U000003lEZMQA2,,I-00123,2020-05-30T05:27:55.000+0000,0050U000003lEZMQA2,2020-05-30T05:27:55.000+0000,0050U000003lEZMQA2,2020-05-30T05:27:55.000+0000,,2020-05-30T05:27:55.000+0000,2020-05-30T05:27:55.000+0000,0010U000012MUrHQAW,,,,,0030U00000qIjtCQAS,15000,DreamHouse,Misty,,6.6,Lepak,50775,555552450,Approved,48,a040U000002BaJFQA0
a030U000003AXIZQA4,0050U000003lEZMQA2,,I-00124,2020-05-30T05:27:55.000+0000,0050U000003lEZMQA2,2020-05-30T05:27:55.000+0000,0050U000003lEZMQA2,2020-05-30T05:27:55.000+0000,,2020-05-30T05:27:55.000+0000,2020-05-30T05:27:55.000+0000,0010U000012MUrJQAW,,,,,0030U00000qIjtEQAS,10000,E-Bikes,Marco,,5.13,Flook,60000,555559009,Declined,36,a040U000002BaJHQA0
a030U000003AXIaQAO,0050U000003lEZMQA2,,I-00125,2020-05-30T05:27:55.000+0000,0050U000003lEZMQA2,2020-05-30T05:27:55.000+0000,0050U000003lEZMQA2,2020-05-30T05:27:55.000+0000,,2020-05-30T05:27:55.000+0000,2020-05-30T05:27:55.000+0000,0010U000012MUrKQAW,,,,,0030U00000qIjtFQAS,5000,DreamInvest,Ed,,7.12,Handkins,34500,555557918,Approved,48,a040U000002BaJIQA0
a030U000003AXIbQAO,0050U000003lEZMQA2,,I-00126,2020-05-30T05:27:55.000+0000,0050U000003lEZMQA2,2020-05-30T05:27:55.000+0000,0050U000003lEZMQA2,2020-05-30T05:27:55.000+0000,,2020-05-30T05:27:55.000+0000,2020-05-30T05:27:55.000+0000,0010U000012MUrLQAW,,,,,0030U00000qIjtGQAS,3000,E-Bikes,Judy,,8.38,Petruzzi,54775,555554888,Approved,72,a040U000002BaJJQA0
a030U000003AXIcQAO,0050U000003lEZMQA2,,I-00127,2020-05-30T05:27:55.000+0000,0050U000003lEZMQA2,2020-05-30T05:27:55.000+0000,0050U000003lEZMQA2,2020-05-30T05:27:55.000+0000,,2020-05-30T05:27:55.000+0000,2020-05-30T05:27:55.000+0000,0010U000012MUrRQAW,,,,,0030U00000qIjtMQAS,1000,Pure Aloe,Luba,,5.96,Halnon,64375,555552250,Approved,84,a040U000002BaJPQA0
a030U000003AXIdQAO,0050U000003lEZMQA2,,I-00128,2020-05-30T05:27:55.000+0000,0050U000003lEZMQA2,2020-05-30T05:27:55.000+0000,0050U000003lEZMQA2,2020-05-30T05:27:55.000+0000,,2020-05-30T05:27:55.000+0000,2020-05-30T05:27:55.000+0000,0010U000012MUrSQAW,,,,,0030U00000qIjtNQAS,10000,Pure Aloe,Kayleen,,4.96,Kleindienst,44875,555551422,Approved,36,a040U000002BaJQQA0
a030U000003AXIeQAO,0050U000003lEZMQA2,,I-00129,2020-05-30T05:27:55.000+0000,0050U000003lEZMQA2,2020-05-30T05:27:55.000+0000,0050U000003lEZMQA2,2020-05-30T05:27:55.000+0000,,2020-05-30T05:27:55.000+0000,2020-05-30T05:27:55.000+0000,0010U000012MUrXQAW,,,,,0030U00000qIjtSQAS,5000,DreamHouse,Maegan,,4.92,Imbert,41100,555558099,Declined,36,a040U000002BaJVQA0
a030U000003AXIfQAO,0050U000003lEZMQA2,,I-00130,2020-05-30T05:27:55.000+0000,0050U000003lEZMQA2,2020-05-30T05:27:55.000+0000,0050U000003lEZMQA2,2020-05-30T05:27:55.000+0000,,2020-05-30T05:27:55.000+0000,2020-05-30T05:27:55.000+0000,0010U000012MUrZQAW,,,,,0030U00000qIjtUQAS,3000,Easy Spaces,Jaqueline,,3.61,Severt,36875,555555703,Pending,72,a040U000002BaJXQA0
a030U000003AXIgQAO,0050U000003lEZMQA2,,I-00131,2020-05-30T05:27:55.000+0000,0050U000003lEZMQA2,2020-05-30T05:27:55.000+0000,0050U000003lEZMQA2,2020-05-30T05:27:55.000+0000,,2020-05-30T05:27:55.000+0000,2020-05-30T05:27:55.000+0000,0010U000012MUrcQAG,,,,,0030U00000qIjtXQAS,10000,DreamInvest,Jame,,3.48,Cahalane,46675,555556568,Approved,12,a040U000002BaJaQAK
a030U000003AXIhQAO,0050U000003lEZMQA2,,I-00132,2020-05-30T05:27:55.000+0000,0050U000003lEZMQA2,2020-05-30T05:27:55.000+0000,0050U000003lEZMQA2,2020-05-30T05:27:55.000+0000,,2020-05-30T05:27:55.000+0000,2020-05-30T05:27:55.000+0000,0010U000012MUreQAG,,,,,0030U00000qIjtZQAS,5000,Easy Spaces,Leigha,,7.54,Mobbs,52675,555552327,Approved,36,a040U000002BaJcQAK
a030U000003AXIiQAO,0050U000003lEZMQA2,,I-00133,2020-05-30T05:27:55.000+0000,0050U000003lEZMQA2,2020-05-30T05:27:55.000+0000,0050U000003lEZMQA2,2020-05-30T05:27:55.000+0000,,2020-05-30T05:27:55.000+0000,2020-05-30T05:27:55.000+0000,0010U000012MUrfQAG,,,,,0030U00000qIjtaQAC,5000,Pure Aloe,Larisa,,5.11,Crull,61575,555556939,Approved,72,a040U000002BaJdQAK
